indicator_id,indicator_name,type,category,is_active,disaggregation_count,organizations
1,"Condoms distibution",number,hiv_prevention,true,0,"TEBELOPELE"
76,"HIV PREVENTION MESSAGES",number,events,true,9,"BOFWA | Bobonong Home Based Care | Gumare Advisory | Hope Worldwide | House of Angels | INERELA | Inspired Horizons | Mabogo aa Thebana Association South | Mind Power | Mopipi International Trust | Ovajhu | Ovajhuha | Positive Moments | Rena le Seabe | Sentebale | Social Dialogue | Stepping Stone International | TEBELOPELE | Tebelopele testing centres"
156,"Number  of people referred for HIV testing. [DUPLICATE->6]",number,events,true,1,"BOFWA"
159,"Number  of people referred for HIV testing. [DUPLICATE->6]",number,events,true,0,"BOFWA"
221,"Number  of people referred for HIV testing. [DUPLICATE->6]",number,events,true,0,"BOFWA"
160,"Number  of people who tested positive for HIV.",number,events,true,1,"BOFWA | TEBELOPELE"
163,"Number  of people who tested positive for HIV. [DUPLICATE->160]",number,events,true,0,"BOFWA"
223,"Number  of people who tested positive for HIV. [DUPLICATE->160]",number,events,true,0,"BOFWA"
101,"Number  of people who tested positive for HIV. [DUPLICATE->160]",number,other,true,1,"TEBELOPELE"
174,"Number eligible for GBV services.",number,events,true,1,"BOFWA | TEBELOPELE"
177,"Number eligible for GBV services. [DUPLICATE->174]",number,events,true,0,"BOFWA"
230,"Number eligible for GBV services. [DUPLICATE->174]",number,events,true,0,"BOFWA"
188,"Number of  people referred for STI services",number,events,true,1,"BOFWA"
191,"Number of  people referred for STI services [DUPLICATE->188]",number,events,true,0,"BOFWA"
237,"Number of  people referred for STI services [DUPLICATE->188]",number,events,true,1,"BOFWA"
122,"Number of  people screened positive for STIs referred for services",number,other,true,5,"TEBELOPELE"
124,"Number of  STI cases referrals completed",number,other,true,1,"TEBELOPELE"
59,"Number of activities conducted",number,events,true,0,"TEBELOPELE"
16,"Number of advocacy activities conducted per quarter",number,events,true,6,"BOFWA | Bobonong Home Based Care | Gumare Advisory | Hope Worldwide | House of Angels | INERELA | Inspired Horizons | Mabogo aa Thebana Association South | Mind Power | Mopipi International Trust | Ovajhu | Ovajhuha | Positive Moments | Rena le Seabe | Sentebale | Social Dialogue | Stepping Stone International | TEBELOPELE | Tebelopele testing centres"
84,"Number of advocacy activities conducted per quarter. [DUPLICATE->16]",number,events,true,0,"BOFWA | Bobonong Home Based Care | Gumare Advisory | Hope Worldwide | House of Angels | INERELA | Mabogo aa Thebana Association South | Mind Power | Mopipi International Trust | Positive Moments | Rena le Seabe | Sentebale | Social Dialogue | Stepping Stone International | TEBELOPELE"
134,"Number of advocacy activities conducted per quarter. [DUPLICATE->16]",number,other,true,1,"TEBELOPELE"
56,"Number of AYP provided with family planning services",number,hiv_prevention,true,16,"BOFWA | Bobonong Home Based Care | Gumare Advisory | Hope Worldwide | House of Angels | INERELA | Inspired Horizons | Mabogo aa Thebana Association South | Mind Power | Mopipi International Trust | Ovajhu | Ovajhuha | Positive Moments | Rena le Seabe | Sentebale | Social Dialogue | Stepping Stone International | TEBELOPELE | Tebelopele testing centres"
311,"Number OF AYPs Linked TO Care.",multi_int,hiv_prevention,true,1,"TEBELOPELE"
11,"Number of braided condoms distributed to PWDs",number,hiv_prevention,true,0,"TEBELOPELE"
192,"Number of brailed condoms distributed to PWDs",number,events,true,1,"BOFWA"
195,"Number of brailed condoms distributed to PWDs [DUPLICATE->192]",number,events,true,0,"BOFWA"
239,"Number of brailed condoms distributed to PWDs [DUPLICATE->192]",number,events,true,1,"BOFWA"
58,"Number of commemorations conducted",number,events,true,0,"TEBELOPELE"
208,"Number of community leaders sensitised on human rights, stigma and descrimination.",number,events,true,10,"BOFWA | Bobonong Home Based Care | Gumare Advisory | Hope Worldwide | House of Angels | INERELA | Inspired Horizons | Mabogo aa Thebana Association South | Mind Power | Mopipi International Trust | Ovajhu | Ovajhuha | Positive Moments | Rena le Seabe | Sentebale | Social Dialogue | Stepping Stone International | TEBELOPELE | Tebelopele testing centres"
211,"Number of community leaders sensitised on human rights, stigma and descrimination. [DUPLICATE->208]",number,events,true,0,"BOFWA"
247,"Number of community leaders sensitised on human rights, stigma and descrimination. [DUPLICATE->208]",number,events,true,0,"BOFWA"
82,"Number of community leaders sensitised on human rights, stigma and descrimination. [DUPLICATE->208]",number,hiv_prevention,true,0,"BOFWA | Bobonong Home Based Care | Gumare Advisory | Hope Worldwide | House of Angels | INERELA | Mabogo aa Thebana Association South | Mind Power | Mopipi International Trust | Positive Moments | Rena le Seabe | Sentebale | Social Dialogue | Stepping Stone International | TEBELOPELE"
132,"Number of community leaders sensitised on human rights, stigma and descrimination. [DUPLICATE->208]",number,other,true,2,"TEBELOPELE"
15,"Number of community led monitoring conducted for quality of service and human rights [DUPLICATE->210]",number,hiv_prevention,true,0,"TEBELOPELE"
27,"Number of Community led monitoring conducted for quality of service and human rights [DUPLICATE->210]",number,hiv_prevention,true,0,"TEBELOPELE"
210,"Number of community led monitoring conducted for quality of service and human rights.",number,events,true,8,"BOFWA | Bobonong Home Based Care | Gumare Advisory | Hope Worldwide | House of Angels | INERELA | Inspired Horizons | Mabogo aa Thebana Association South | Mind Power | Mopipi International Trust | Ovajhu | Ovajhuha | Positive Moments | Rena le Seabe | Sentebale | Social Dialogue | Stepping Stone International | TEBELOPELE | Tebelopele testing centres"
212,"Number of community led monitoring conducted for quality of service and human rights. [DUPLICATE->210]",number,events,true,0,"BOFWA"
248,"Number of community led monitoring conducted for quality of service and human rights. [DUPLICATE->210]",number,events,true,0,"BOFWA"
83,"Number of community led monitoring conducted for quality of service and human rights. [DUPLICATE->210]",number,hiv_prevention,true,0,"BOFWA | Bobonong Home Based Care | Gumare Advisory | Hope Worldwide | House of Angels | INERELA | Mabogo aa Thebana Association South | Mind Power | Mopipi International Trust | Positive Moments | Rena le Seabe | Sentebale | Social Dialogue | Stepping Stone International | TEBELOPELE"
138,"Number of community led monitoring conducted for quality of service and human rights. [DUPLICATE->210]",number,other,true,5,"TEBELOPELE"
52,"Number of condoms distributed",number,hiv_prevention,true,1,"TEBELOPELE"
200,"Number of condoms distributed through the non-traditional sites",number,events,true,1,"BOFWA"
203,"Number of condoms distributed through the non-traditional sites [DUPLICATE->200]",number,events,true,0,"BOFWA"
243,"Number of condoms distributed through the non-traditional sites [DUPLICATE->200]",number,events,true,1,"BOFWA"
313,"Number OF Condoms Distributed TO AYP.",multi_int,hiv_prevention,true,1,"TEBELOPELE"
57,"Number of condoms distributed to AYPS",number,hiv_prevention,true,0,"TEBELOPELE"
10,"Number of condoms distributed to KVPs",number,hiv_prevention,true,1,"BOFWA | TEBELOPELE"
190,"Number of condoms distributed to KVPs. [DUPLICATE->10]",number,events,true,1,"BOFWA"
193,"Number of condoms distributed to KVPs. [DUPLICATE->10]",number,events,true,0,"BOFWA"
238,"Number of condoms distributed to KVPs. [DUPLICATE->10]",number,events,true,0,"BOFWA"
40,"Number of counselling sessions conducted",number,hiv_prevention,true,0,"TEBELOPELE"
54,"Number of CSOs trained and equipped to provide comprehensive psychosocial and practical support",number,hiv_prevention,true,0,"TEBELOPELE"
145,"Number of CSOs trained and equipped to provide comprehensive psychosocial and practical support, including HIV-related support.",number,events,true,6,"BOFWA | Bobonong Home Based Care | Gumare Advisory | Hope Worldwide | House of Angels | INERELA | Inspired Horizons | Mabogo aa Thebana Association South | Mind Power | Mopipi International Trust | Ovajhu | Ovajhuha | Positive Moments | Rena le Seabe | Sentebale | Social Dialogue | Stepping Stone International | TEBELOPELE | Tebelopele testing centres"
146,"Number of CSOs trained and equipped to provide comprehensive psychosocial and practical support, including HIV-related support. [DUPLICATE->145]",number,events,true,0,"BOFWA"
215,"Number of CSOs trained and equipped to provide comprehensive psychosocial and practical support, including HIV-related support. [DUPLICATE->145]",number,events,true,0,"BOFWA"
74,"Number of CSOs trained and equipped to provide comprehensive psychosocial and practical support, including HIV-related support. [DUPLICATE->145]",number,hiv_prevention,true,0,"BOFWA | Bobonong Home Based Care | Gumare Advisory | Hope Worldwide | House of Angels | INERELA | Mabogo aa Thebana Association South | Mind Power | Mopipi International Trust | Positive Moments | Rena le Seabe | Sentebale | Social Dialogue | Stepping Stone International | TEBELOPELE"
87,"Number of CSOs trained and equipped to provide comprehensive psychosocial and practical support, including HIV-related support. [DUPLICATE->145]",number,other,true,6,"TEBELOPELE"
42,"Number of functional cancer support groups",number,ncd,true,0,"TEBELOPELE"
43,"Number of functional tobacco cessation and alcohol abuse support group",number,ncd,true,0,"TEBELOPELE"
204,"Number of healthcare workers trained on medical ethics and human rights.",number,events,true,10,"BOFWA | Bobonong Home Based Care | Gumare Advisory | Hope Worldwide | House of Angels | INERELA | Inspired Horizons | Mabogo aa Thebana Association South | Mind Power | Mopipi International Trust | Ovajhu | Ovajhuha | Positive Moments | Rena le Seabe | Sentebale | Social Dialogue | Stepping Stone International | TEBELOPELE | Tebelopele testing centres"
207,"Number of healthcare workers trained on medical ethics and human rights. [DUPLICATE->204]",number,events,true,0,"BOFWA"
245,"Number of healthcare workers trained on medical ethics and human rights. [DUPLICATE->204]",number,events,true,0,"BOFWA"
81,"Number of healthcare workers trained on medical ethics and human rights. [DUPLICATE->204]",number,hiv_prevention,true,0,"BOFWA | Bobonong Home Based Care | Gumare Advisory | Hope Worldwide | House of Angels | INERELA | Mabogo aa Thebana Association South | Mind Power | Mopipi International Trust | Positive Moments | Rena le Seabe | Sentebale | Social Dialogue | Stepping Stone International | TEBELOPELE"
8,"Number of individuals screened for GBV [DUPLICATE->172]",number,hiv_prevention,true,0,"TEBELOPELE"
172,"Number of individuals screened for GBV.",number,events,true,1,"BOFWA | TEBELOPELE"
175,"Number of individuals screened for GBV. [DUPLICATE->172]",number,events,true,0,"BOFWA"
229,"Number of individuals screened for GBV. [DUPLICATE->172]",number,events,true,0,"BOFWA"
113,"Number of individuals screened for GBV. [DUPLICATE->172]",number,other,true,1,"TEBELOPELE"
184,"Number of KPs taking up services.",number,events,true,1,"BOFWA"
187,"Number of KPs taking up services. [DUPLICATE->184]",number,events,true,0,"BOFWA"
235,"Number of KPs taking up services. [DUPLICATE->184]",number,events,true,1,"BOFWA"
158,"Number of KVPs tested for HIV.",number,events,true,1,"BOFWA"
161,"Number of KVPs tested for HIV. [DUPLICATE->158]",number,events,true,0,"BOFWA"
222,"Number of KVPs tested for HIV. [DUPLICATE->158]",number,events,true,1,"BOFWA"
196,"Number of lubricants distributed",number,events,true,15,"BOFWA | Bobonong Home Based Care | Gumare Advisory | Hope Worldwide | House of Angels | INERELA | Inspired Horizons | Mabogo aa Thebana Association South | Mind Power | Mopipi International Trust | Ovajhu | Ovajhuha | Positive Moments | Rena le Seabe | Sentebale | Social Dialogue | Stepping Stone International | TEBELOPELE | Tebelopele testing centres"
199,"Number of lubricants distributed [DUPLICATE->196]",number,events,true,0,"BOFWA"
241,"Number of lubricants distributed [DUPLICATE->196]",number,events,true,0,"BOFWA"
13,"Number of lubricants distributed [DUPLICATE->196]",number,hiv_prevention,true,6,"BOFWA | Bobonong Home Based Care | Gumare Advisory | Hope Worldwide | House of Angels | INERELA | Mabogo aa Thebana Association South | Mind Power | Mopipi International Trust | Positive Moments | Rena le Seabe | Sentebale | Social Dialogue | Stepping Stone International | TEBELOPELE"
26,"Number of Lubricants distributed to PLHIV",number,hiv_prevention,true,0,"TEBELOPELE"
25,"Number of Male Condoms distributed",number,hiv_prevention,true,0,"TEBELOPELE"
19,"Number of media engagements conducted",number,events,true,12,"BOFWA | Bobonong Home Based Care | Gumare Advisory | Hope Worldwide | House of Angels | INERELA | Inspired Horizons | Mabogo aa Thebana Association South | Mind Power | Mopipi International Trust | Ovajhu | Ovajhuha | Positive Moments | Rena le Seabe | Sentebale | Social Dialogue | Stepping Stone International | TEBELOPELE | Tebelopele testing centres"
136,"Number of media engagements conducted [DUPLICATE->19]",number,other,true,5,"TEBELOPELE"
285,"Number of media platforms used  per quarter.",number,events,true,11,"BOFWA | Bobonong Home Based Care | Gumare Advisory | Hope Worldwide | House of Angels | INERELA | Inspired Horizons | Mabogo aa Thebana Association South | Mind Power | Mopipi International Trust | Ovajhu | Ovajhuha | Positive Moments | Rena le Seabe | Sentebale | Social Dialogue | Stepping Stone International | TEBELOPELE | Tebelopele testing centres"
154,"Number of media platforms used per quarter [DUPLICATE->285]",number,events,true,0,"BOFWA"
157,"Number of media platforms used per quarter [DUPLICATE->285]",number,events,true,0,"BOFWA"
220,"Number of media platforms used per quarter [DUPLICATE->285]",number,events,true,0,"BOFWA"
17,"Number of media platforms used per quarter [DUPLICATE->285]",number,hiv_prevention,true,0,"BOFWA | Bobonong Home Based Care | Gumare Advisory | Hope Worldwide | House of Angels | INERELA | Mabogo aa Thebana Association South | Mind Power | Mopipi International Trust | Ovajhu | Positive Moments | Rena le Seabe | Sentebale | Social Dialogue | Stepping Stone International | TEBELOPELE"
133,"Number of media platforms used per quarter [DUPLICATE->285]",number,other,true,4,"TEBELOPELE"
61,"Number of meetings conducted",number,events,true,0,"TEBELOPELE"
62,"Number of outreach activities conducted",number,events,true,0,"TEBELOPELE"
30,"Number of people engaged with NCD prevention and control messages through social media",number,ncd,true,0,"TEBELOPELE"
162,"Number of people linked to care.",number,events,true,1,"BOFWA"
165,"Number of people linked to care. [DUPLICATE->162]",number,events,true,0,"BOFWA"
224,"Number of people linked to care. [DUPLICATE->162]",number,events,true,0,"BOFWA"
79,"Number of people linked to justice services [DUPLICATE->170]",number,hiv_prevention,true,0,"BOFWA | Bobonong Home Based Care | Gumare Advisory | Hope Worldwide | House of Angels | INERELA | Mabogo aa Thebana Association South | Mind Power | Mopipi International Trust | Positive Moments | Rena le Seabe | Sentebale | Social Dialogue | Stepping Stone International | TEBELOPELE"
170,"Number of people linked to justice services.",number,events,true,10,"BOFWA | Bobonong Home Based Care | Gumare Advisory | Hope Worldwide | House of Angels | INERELA | Inspired Horizons | Mabogo aa Thebana Association South | Mind Power | Mopipi International Trust | Ovajhu | Ovajhuha | Positive Moments | Rena le Seabe | Sentebale | Social Dialogue | Stepping Stone International | TEBELOPELE | Tebelopele testing centres"
173,"Number of people linked to justice services. [DUPLICATE->170]",number,events,true,0,"BOFWA"
228,"Number of people linked to justice services. [DUPLICATE->170]",number,events,true,0,"BOFWA"
111,"Number of people linked to justice services. [DUPLICATE->170]",number,other,true,1,"TEBELOPELE"
78,"Number of people provided with legal aid services [DUPLICATE->168]",number,hiv_prevention,true,0,"BOFWA | Bobonong Home Based Care | Gumare Advisory | Hope Worldwide | House of Angels | INERELA | Mabogo aa Thebana Association South | Mind Power | Mopipi International Trust | Positive Moments | Rena le Seabe | Sentebale | Social Dialogue | Stepping Stone International | TEBELOPELE"
168,"Number of people provided with legal aid services.",number,events,true,10,"BOFWA | Bobonong Home Based Care | Gumare Advisory | Hope Worldwide | House of Angels | INERELA | Inspired Horizons | Mabogo aa Thebana Association South | Mind Power | Mopipi International Trust | Ovajhu | Ovajhuha | Positive Moments | Rena le Seabe | Sentebale | Social Dialogue | Stepping Stone International | TEBELOPELE | Tebelopele testing centres"
171,"Number of people provided with legal aid services. [DUPLICATE->168]",number,events,true,0,"BOFWA"
227,"Number of people provided with legal aid services. [DUPLICATE->168]",number,events,true,0,"BOFWA"
109,"Number of people provided with legal aid services. [DUPLICATE->168]",number,other,true,1,"TEBELOPELE"
33,"Number of people reached with cervical cancer education",number,ncd,true,0,"TEBELOPELE"
150,"Number of people reached with HIV prevention messages.",number,events,true,5,"BOFWA | TEBELOPELE"
153,"Number of people reached with HIV prevention messages. [DUPLICATE->150]",number,events,true,0,"BOFWA"
218,"Number of people reached with HIV prevention messages. [DUPLICATE->150]",number,events,true,5,"BOFWA | TEBELOPELE"
32,"Number of people reached with prostate cancer education",number,ncd,true,0,"TEBELOPELE"
31,"Number of people reached with self-breast cancer examination education",number,ncd,true,0,"TEBELOPELE"
5,"Number of people reached with stigma reduction messages [DUPLICATE->152]",number,hiv_prevention,true,0,"TEBELOPELE"
152,"Number of people reached with stigma reduction messages.",number,events,true,10,"BOFWA | Bobonong Home Based Care | Gumare Advisory | Hope Worldwide | House of Angels | INERELA | Inspired Horizons | Mabogo aa Thebana Association South | Mind Power | Mopipi International Trust | Ovajhu | Ovajhuha | Positive Moments | Rena le Seabe | Sentebale | Social Dialogue | Stepping Stone International | TEBELOPELE | Tebelopele testing centres"
155,"Number of people reached with stigma reduction messages. [DUPLICATE->152]",number,events,true,0,"BOFWA"
219,"Number of people reached with stigma reduction messages. [DUPLICATE->152]",number,events,true,0,"BOFWA"
77,"Number of people reached with stigma reduction messages. [DUPLICATE->152]",number,hiv_prevention,true,0,"BOFWA | Bobonong Home Based Care | Gumare Advisory | Hope Worldwide | House of Angels | INERELA | Mabogo aa Thebana Association South | Mind Power | Mopipi International Trust | Positive Moments | Rena le Seabe | Sentebale | Social Dialogue | Stepping Stone International | TEBELOPELE"
98,"Number of people reached with stigma reduction messages. [DUPLICATE->152]",number,other,true,1,"TEBELOPELE"
39,"Number of people receiving counselling",number,hiv_prevention,true,0,"TEBELOPELE"
6,"Number of people referred for Hiv testing",number,hiv_prevention,true,1,"BOFWA | TEBELOPELE"
166,"Number of people referred for PEP.",number,events,true,1,"BOFWA | TEBELOPELE"
169,"Number of people referred for PEP. [DUPLICATE->166]",number,events,true,0,"BOFWA"
226,"Number of people referred for PEP. [DUPLICATE->166]",number,events,true,0,"BOFWA"
107,"Number of people referred for PEP. [DUPLICATE->166]",number,other,true,1,"TEBELOPELE"
7,"Number of people referred for PrEP [DUPLICATE->164]",number,hiv_prevention,true,0,"TEBELOPELE"
164,"Number of people referred for PrEP.",number,events,true,1,"BOFWA | TEBELOPELE"
167,"Number of people referred for PrEP. [DUPLICATE->164]",number,events,true,0,"BOFWA"
225,"Number of people referred for PrEP. [DUPLICATE->164]",number,events,true,0,"BOFWA"
105,"Number of people referred for PrEP. [DUPLICATE->164]",number,other,true,1,"TEBELOPELE"
312,"Number OF People Referred FOR Psychosocial Support ON GBV",multi_int,hiv_prevention,true,1,"TEBELOPELE"
176,"Number of people reffered for clinical services for GBV.",number,events,true,1,"BOFWA | TEBELOPELE"
179,"Number of people reffered for clinical services for GBV. [DUPLICATE->176]",number,events,true,0,"BOFWA"
231,"Number of people reffered for clinical services for GBV. [DUPLICATE->176]",number,events,true,0,"BOFWA"
116,"Number of people reffered for clinical services for GBV. [DUPLICATE->176]",number,other,true,1,"TEBELOPELE"
178,"Number of people reffered for justice services for GBV.",number,events,true,1,"BOFWA | TEBELOPELE"
181,"Number of people reffered for justice services for GBV. [DUPLICATE->178]",number,events,true,0,"BOFWA"
232,"Number of people reffered for justice services for GBV. [DUPLICATE->178]",number,events,true,0,"BOFWA"
118,"Number of people reffered for justice services for GBV. [DUPLICATE->178]",number,other,true,1,"TEBELOPELE"
37,"Number of people screened for breast cancer",number,ncd,true,0,"TEBELOPELE"
38,"Number of people screened for mental health",number,ncd,true,0,"TEBELOPELE"
35,"Number of people screened for NCDs behavioural risk factors (Alcohol use)",number,ncd,true,0,"TEBELOPELE"
34,"Number of people screened for NCDs behavioural risk factors (Tobacco use)",number,ncd,true,0,"TEBELOPELE"
36,"Number of people screened for NCDs risk factors",number,ncd,true,0,"TEBELOPELE"
186,"Number of people screened for STIs",number,events,true,5,"BOFWA | TEBELOPELE"
189,"Number of people screened for STIs [DUPLICATE->186]",number,events,true,0,"BOFWA"
236,"Number of people screened for STIs [DUPLICATE->186]",number,events,true,0,"BOFWA"
9,"Number of people screened for STIs [DUPLICATE->186]",number,hiv_prevention,true,0,"TEBELOPELE"
121,"Number of people screened for STIs [DUPLICATE->186]",number,other,true,5,"TEBELOPELE"
14,"Number of people sensitised on basic human rights and HIV [DUPLICATE->202]",number,hiv_prevention,true,0,"TEBELOPELE"
202,"Number of people sensitised on basic human rights and HIV.",number,events,true,14,"BOFWA | Bobonong Home Based Care | Gumare Advisory | Hope Worldwide | House of Angels | INERELA | Inspired Horizons | Mabogo aa Thebana Association South | Mind Power | Mopipi International Trust | Ovajhu | Ovajhuha | Positive Moments | Rena le Seabe | Sentebale | Social Dialogue | Stepping Stone International | TEBELOPELE | Tebelopele testing centres"
205,"Number of people sensitised on basic human rights and HIV. [DUPLICATE->202]",number,events,true,0,"BOFWA"
244,"Number of people sensitised on basic human rights and HIV. [DUPLICATE->202]",number,events,true,0,"BOFWA"
80,"Number of people sensitised on basic human rights and HIV. [DUPLICATE->202]",number,hiv_prevention,true,0,"BOFWA | Bobonong Home Based Care | Gumare Advisory | Hope Worldwide | House of Angels | INERELA | Mabogo aa Thebana Association South | Mind Power | Mopipi International Trust | Positive Moments | Rena le Seabe | Sentebale | Social Dialogue | Stepping Stone International | TEBELOPELE"
128,"Number of people sensitised on basic human rights and HIV. [DUPLICATE->202]",number,other,true,5,"TEBELOPELE"
50,"Number of people tested for HIV",number,hiv_prevention,true,1,"TEBELOPELE"
100,"Number of people tested for HIV. [DUPLICATE->50]",number,other,true,1,"TEBELOPELE"
41,"Number of people utilizing community based physical activity clubs",number,events,true,0,"TEBELOPELE"
46,"Number of people who attended cervical cancer awareness activities",number,ncd,true,0,"TEBELOPELE"
47,"Number of people who attended Mental health Day activities",number,ncd,true,0,"TEBELOPELE"
48,"Number of people who attended Mo-Vember Day activities",number,events,true,0,"TEBELOPELE"
45,"Number of people who attended the Breast Cancer Month activities",number,ncd,true,0,"TEBELOPELE"
44,"Number of people who attended World Diabetes Day activities",number,ncd,true,0,"TEBELOPELE"
180,"Number of People who received psychosocial support on GBV",number,events,true,4,"BOFWA"
183,"Number of People who received psychosocial support on GBV [DUPLICATE->180]",number,events,true,0,"BOFWA"
233,"Number of People who received psychosocial support on GBV [DUPLICATE->180]",number,events,true,0,"BOFWA"
206,"Number of people who report that their rights were violated and who sought redress.",number,events,true,1,"BOFWA | TEBELOPELE"
209,"Number of people who report that their rights were violated and who sought redress. [DUPLICATE->206]",number,events,true,0,"BOFWA"
246,"Number of people who report that their rights were violated and who sought redress. [DUPLICATE->206]",number,events,true,0,"BOFWA"
131,"Number of people who report that their rights were violated and who sought redress. [DUPLICATE->206]",number,other,true,1,"TEBELOPELE"
198,"Number of people who reported collecting condoms for a repeated time.",number,events,true,1,"BOFWA"
201,"Number of people who reported collecting condoms for a repeated time. [DUPLICATE->198]",number,events,true,0,"BOFWA"
242,"Number of people who reported collecting condoms for a repeated time. [DUPLICATE->198]",number,events,true,0,"BOFWA"
291,"Number OF People WHO Reported Collecting Condoms FOR THE Repeated Time BY AGE AND Sex.",multi_int,hiv_prevention,true,1,"TEBELOPELE"
51,"Number of people who tested positive for HIV [DUPLICATE->160]",number,hiv_prevention,true,0,"TEBELOPELE"
22,"Number of PLWH reached with HIV TESTING Messages",number,hiv_prevention,true,0,"TEBELOPELE"
24,"Number of PLWH who tested positive for TB and are on treatment",number,hiv_prevention,true,0,"TEBELOPELE"
23,"Number of PLWHs provided with treatment literacy",number,hiv_prevention,true,1,"TEBELOPELE"
12,"Number of promotions on braille labelled condoms held",number,events,true,1,"BOFWA | TEBELOPELE"
194,"Number of promotions on braille labelled condoms held. [DUPLICATE->12]",number,events,true,0,"BOFWA"
197,"Number of promotions on braille labelled condoms held. [DUPLICATE->12]",number,events,true,0,"BOFWA"
240,"Number of promotions on braille labelled condoms held. [DUPLICATE->12]",number,events,true,1,"BOFWA"
182,"Number of PWDs taking up services.",number,events,true,1,"BOFWA"
185,"Number of PWDs taking up services. [DUPLICATE->182]",number,events,true,0,"BOFWA"
234,"Number of PWDs taking up services. [DUPLICATE->182]",number,events,true,1,"BOFWA"
72,"Number of service providers receiving training",number,events,true,4,"BOFWA | Bobonong Home Based Care | Gumare Advisory | Hope Worldwide | House of Angels | INERELA | Inspired Horizons | Mabogo aa Thebana Association South | Mind Power | Mopipi International Trust | Ovajhu | Ovajhuha | Positive Moments | Rena le Seabe | Sentebale | Social Dialogue | Stepping Stone International | TEBELOPELE | Tebelopele testing centres"
141,"Number of service providers receiving training (community mobilisers,M&E Officers, program officers,stakeholders)",number,events,true,1,"BOFWA | TEBELOPELE"
142,"Number of service providers receiving training (community mobilisers,M&E Officers, program officers,stakeholders) [DUPLICATE->141]",number,events,true,0,"BOFWA"
213,"Number of service providers receiving training (community mobilisers,M&E Officers, program officers,stakeholders) [DUPLICATE->141]",number,events,true,1,"BOFWA | TEBELOPELE"
149,"Number of service providers’ trained on sign language.",number,events,true,1,"BOFWA"
151,"Number of service providers’ trained on sign language. [DUPLICATE->149]",number,events,true,0,"BOFWA"
217,"Number of service providers’ trained on sign language. [DUPLICATE->149]",number,events,true,1,"BOFWA"
20,"Number of stigma reduction campaigns conducted during the project",number,events,true,8,"BOFWA | Bobonong Home Based Care | Gumare Advisory | Hope Worldwide | House of Angels | INERELA | Inspired Horizons | Mabogo aa Thebana Association South | Mind Power | Mopipi International Trust | Ovajhu | Ovajhuha | Positive Moments | Rena le Seabe | Sentebale | Social Dialogue | Stepping Stone International | TEBELOPELE | Tebelopele testing centres"
85,"Number of stigma reduction campaigns conducted during the project. [DUPLICATE->20]",number,events,true,0,"BOFWA | Bobonong Home Based Care | Gumare Advisory | Hope Worldwide | House of Angels | INERELA | Mabogo aa Thebana Association South | Mind Power | Mopipi International Trust | Positive Moments | Rena le Seabe | Sentebale | Social Dialogue | Stepping Stone International | TEBELOPELE"
137,"Number of stigma reduction campaigns conducted during the project. [DUPLICATE->20]",number,other,true,2,"TEBELOPELE"
251,"Number of sub recipients mentored per month",number,events,true,1,"BOFWA | Bobonong Home Based Care | Gumare Advisory | Hope Worldwide | House of Angels | INERELA | Inspired Horizons | Mabogo aa Thebana Association South | Mind Power | Mopipi International Trust | Ovajhu | Ovajhuha | Positive Moments | Rena le Seabe | Sentebale | Social Dialogue | Stepping Stone International | TEBELOPELE | Tebelopele testing centres"
21,"Number of sub recipients mentored per month (Number of sub-recipients visited)",number,hiv_prevention,true,0,"TEBELOPELE"
2,"Number of sub recipients mentored per month [DUPLICATE->251]",number,hiv_prevention,true,0,"TEBELOPELE"
143,"Number of sub recipients mentored per month. [DUPLICATE->251]",number,events,true,0,"BOFWA"
144,"Number of sub recipients mentored per month. [DUPLICATE->251]",number,events,true,0,"BOFWA"
214,"Number of sub recipients mentored per month. [DUPLICATE->251]",number,events,true,0,"BOFWA"
73,"Number of sub recipients mentored per month. [DUPLICATE->251]",number,hiv_prevention,true,1,"BOFWA | Bobonong Home Based Care | Gumare Advisory | Hope Worldwide | House of Angels | INERELA | Mabogo aa Thebana Association South | Mind Power | Mopipi International Trust | Positive Moments | Rena le Seabe | Sentebale | Social Dialogue | Stepping Stone International | TEBELOPELE"
28,"Number of sub-recipients submitting quality reports per month",number,hiv_prevention,true,0,"TEBELOPELE"
3,"Number of sub-recipients submitting quality reports per months [DUPLICATE->147]",number,hiv_prevention,true,0,"TEBELOPELE"
147,"Number of sub-recipients submitting quality reports per months.",number,events,true,1,"BOFWA | Bobonong Home Based Care | Gumare Advisory | Hope Worldwide | House of Angels | INERELA | Inspired Horizons | Mabogo aa Thebana Association South | Mind Power | Mopipi International Trust | Ovajhu | Ovajhuha | Positive Moments | Rena le Seabe | Sentebale | Social Dialogue | Stepping Stone International | TEBELOPELE | Tebelopele testing centres"
148,"Number of sub-recipients submitting quality reports per months. [DUPLICATE->147]",number,events,true,0,"BOFWA"
216,"Number of sub-recipients submitting quality reports per months. [DUPLICATE->147]",number,events,true,0,"BOFWA"
75,"Number of sub-recipients submitting quality reports per months. [DUPLICATE->147]",number,hiv_prevention,true,0,"BOFWA | Bobonong Home Based Care | Gumare Advisory | Hope Worldwide | House of Angels | INERELA | Mabogo aa Thebana Association South | Mind Power | Mopipi International Trust | Positive Moments | Rena le Seabe | Sentebale | Social Dialogue | Stepping Stone International | TEBELOPELE"
88,"Number of sub-recipients submitting quality reports per months. [DUPLICATE->147]",number,other,true,1,"TEBELOPELE"
18,"Number of target specific demand creation activities conducted",number,events,true,14,"BOFWA | Bobonong Home Based Care | Gumare Advisory | Hope Worldwide | House of Angels | INERELA | Inspired Horizons | Mabogo aa Thebana Association South | Mind Power | Mopipi International Trust | Ovajhu | Ovajhuha | Positive Moments | Rena le Seabe | Sentebale | Social Dialogue | Stepping Stone International | TEBELOPELE | Tebelopele testing centres"
135,"Number of target specific demand creation activities conducted [DUPLICATE->18]",number,other,true,4,"TEBELOPELE"
60,"Number of trainings conducted",number,events,true,0,"TEBELOPELE"
63,"Number of workshops conducted",number,events,true,0,"TEBELOPELE"
315,"Numberof Lubricants Distributed",multi_int,hiv_prevention,true,1,"TEBELOPELE"
139,"Numerator",number,events,true,2,"BOFWA | TEBELOPELE"
140,"Numerator [DUPLICATE->139]",number,events,true,0,"BOFWA"
4,"Total Number of Key and Vulnerable Populations Reached with HIV TESTING Messages",number,hiv_prevention,true,0,"TEBELOPELE"
49,"Total Number of Key and Vulnerable Populations Reached with PREP Messages",number,hiv_prevention,true,0,"TEBELOPELE"
53,"Total number of lubricants distributed",number,hiv_prevention,true,0,"TEBELOPELE"
64,"Total Number of People Reached with  PEP Messages",number,hiv_prevention,true,0,"Ovajhu | Social Dialogue | TEBELOPELE"
69,"Total Number of People Reached with ARV Based Prevention Messages",number,events,true,0,"Ovajhu | Social Dialogue | TEBELOPELE"
67,"Total Number of People Reached with Condom Use Messages",number,hiv_prevention,true,0,"Ovajhu | Social Dialogue | TEBELOPELE"
70,"Total Number of People Reached with EMTCT Messages",number,hiv_prevention,true,0,"Ovajhu | Social Dialogue | TEBELOPELE"
66,"Total Number of People Reached with GBV Messages",number,hiv_prevention,true,0,"Ovajhu | Social Dialogue | TEBELOPELE"
71,"Total Number of People Reached with HIV Messages",number,hiv_prevention,true,0,"Ovajhu | Social Dialogue | TEBELOPELE"
55,"Total Number of people Reached with HIV TESTING Messages",number,hiv_prevention,true,0,"Ovajhu | Social Dialogue | TEBELOPELE"
68,"Total Number of People Reached with HIV Treatment Messages",number,hiv_prevention,true,0,"Ovajhu | Social Dialogue | TEBELOPELE"
29,"Total number of people reached with NCD prevention and Control messages",number,ncd,true,0,"TEBELOPELE"
65,"Total Number of people Reached with PREP Messages",number,hiv_prevention,true,0,"Ovajhu | Social Dialogue | TEBELOPELE"
