indicator_code,indicator_name,sex,age_band,value
5a,Number of people Reached with HIV TESTING Messages,Male,10-14,360
5a,Number of people Reached with HIV TESTING Messages,Male,15-19,739
5a,Number of people Reached with HIV TESTING Messages,Male,20-24,886
5a,Number of people Reached with HIV TESTING Messages,Male,25-29,935
5a,Number of people Reached with HIV TESTING Messages,Male,30-34,1096
5a,Number of people Reached with HIV TESTING Messages,Male,35-39,1102
5a,Number of people Reached with HIV TESTING Messages,Male,40-44,1282
5a,Number of people Reached with HIV TESTING Messages,Male,45-49,702
5a,Number of people Reached with HIV TESTING Messages,Male,50-54,893
5a,Number of people Reached with HIV TESTING Messages,Male,55-59,740
5a,Number of people Reached with HIV TESTING Messages,Male,60-64,182
5a,Number of people Reached with HIV TESTING Messages,Male,65+,120
5a,Number of people Reached with HIV TESTING Messages,Female,10-14,171
5a,Number of people Reached with HIV TESTING Messages,Female,15-19,239
5a,Number of people Reached with HIV TESTING Messages,Female,20-24,275
5a,Number of people Reached with HIV TESTING Messages,Female,25-29,270
5a,Number of people Reached with HIV TESTING Messages,Female,30-34,523
5a,Number of people Reached with HIV TESTING Messages,Female,35-39,782
5a,Number of people Reached with HIV TESTING Messages,Female,40-44,410
5a,Number of people Reached with HIV TESTING Messages,Female,45-49,415
5a,Number of people Reached with HIV TESTING Messages,Female,50-54,602
5a,Number of people Reached with HIV TESTING Messages,Female,55-59,324
5a,Number of people Reached with HIV TESTING Messages,Female,60-64,212
5a,Number of people Reached with HIV TESTING Messages,Female,65+,64
5b,Number of People Reached with  PEP Messages,Male,10-14,360
5b,Number of People Reached with  PEP Messages,Male,15-19,473
5b,Number of People Reached with  PEP Messages,Male,20-24,616
5b,Number of People Reached with  PEP Messages,Male,25-29,583
5b,Number of People Reached with  PEP Messages,Male,30-34,766
5b,Number of People Reached with  PEP Messages,Male,35-39,800
5b,Number of People Reached with  PEP Messages,Male,40-44,988
5b,Number of People Reached with  PEP Messages,Male,45-49,388
5b,Number of People Reached with  PEP Messages,Male,50-54,587
5b,Number of People Reached with  PEP Messages,Male,55-59,641
5b,Number of People Reached with  PEP Messages,Male,60-64,89
5b,Number of People Reached with  PEP Messages,Male,65+,94
5b,Number of People Reached with  PEP Messages,Female,10-14,170
5b,Number of People Reached with  PEP Messages,Female,15-19,225
5b,Number of People Reached with  PEP Messages,Female,20-24,265
5b,Number of People Reached with  PEP Messages,Female,25-29,249
5b,Number of People Reached with  PEP Messages,Female,30-34,345
5b,Number of People Reached with  PEP Messages,Female,35-39,490
5b,Number of People Reached with  PEP Messages,Female,40-44,281
5b,Number of People Reached with  PEP Messages,Female,45-49,218
5b,Number of People Reached with  PEP Messages,Female,50-54,394
5b,Number of People Reached with  PEP Messages,Female,55-59,231
5b,Number of People Reached with  PEP Messages,Female,60-64,129
5b,Number of People Reached with  PEP Messages,Female,65+,51
5c,Number of people Reached with PREP Messages,Male,10-14,360
5c,Number of people Reached with PREP Messages,Male,15-19,371
5c,Number of people Reached with PREP Messages,Male,20-24,320
5c,Number of people Reached with PREP Messages,Male,25-29,524
5c,Number of people Reached with PREP Messages,Male,30-34,559
5c,Number of people Reached with PREP Messages,Male,35-39,567
5c,Number of people Reached with PREP Messages,Male,40-44,548
5c,Number of people Reached with PREP Messages,Male,45-49,294
5c,Number of people Reached with PREP Messages,Male,50-54,310
5c,Number of people Reached with PREP Messages,Male,55-59,458
5c,Number of people Reached with PREP Messages,Male,60-64,77
5c,Number of people Reached with PREP Messages,Male,65+,85
5c,Number of people Reached with PREP Messages,Female,10-14,169
5c,Number of people Reached with PREP Messages,Female,15-19,226
5c,Number of people Reached with PREP Messages,Female,20-24,214
5c,Number of people Reached with PREP Messages,Female,25-29,246
5c,Number of people Reached with PREP Messages,Female,30-34,250
5c,Number of people Reached with PREP Messages,Female,35-39,286
5c,Number of people Reached with PREP Messages,Female,40-44,210
5c,Number of people Reached with PREP Messages,Female,45-49,145
5c,Number of people Reached with PREP Messages,Female,50-54,290
5c,Number of people Reached with PREP Messages,Female,55-59,159
5c,Number of people Reached with PREP Messages,Female,60-64,79
5c,Number of people Reached with PREP Messages,Female,65+,47
5d,Number of People Reached with GBV Messages,Male,10-14,361
5d,Number of People Reached with GBV Messages,Male,15-19,380
5d,Number of People Reached with GBV Messages,Male,20-24,613
5d,Number of People Reached with GBV Messages,Male,25-29,874
5d,Number of People Reached with GBV Messages,Male,30-34,732
5d,Number of People Reached with GBV Messages,Male,35-39,888
5d,Number of People Reached with GBV Messages,Male,40-44,892
5d,Number of People Reached with GBV Messages,Male,45-49,634
5d,Number of People Reached with GBV Messages,Male,50-54,615
5d,Number of People Reached with GBV Messages,Male,55-59,809
5d,Number of People Reached with GBV Messages,Male,60-64,239
5d,Number of People Reached with GBV Messages,Male,65+,88
5d,Number of People Reached with GBV Messages,Female,10-14,171
5d,Number of People Reached with GBV Messages,Female,15-19,236
5d,Number of People Reached with GBV Messages,Female,20-24,283
5d,Number of People Reached with GBV Messages,Female,25-29,304
5d,Number of People Reached with GBV Messages,Female,30-34,388
5d,Number of People Reached with GBV Messages,Female,35-39,542
5d,Number of People Reached with GBV Messages,Female,40-44,393
5d,Number of People Reached with GBV Messages,Female,45-49,308
5d,Number of People Reached with GBV Messages,Female,50-54,582
5d,Number of People Reached with GBV Messages,Female,55-59,353
5d,Number of People Reached with GBV Messages,Female,60-64,166
5d,Number of People Reached with GBV Messages,Female,65+,49
5e,Number of People Reached with Condom Use Messages,Male,10-14,3
5e,Number of People Reached with Condom Use Messages,Male,15-19,30
5e,Number of People Reached with Condom Use Messages,Male,20-24,126
5e,Number of People Reached with Condom Use Messages,Male,25-29,245
5e,Number of People Reached with Condom Use Messages,Male,30-34,456
5e,Number of People Reached with Condom Use Messages,Male,35-39,293
5e,Number of People Reached with Condom Use Messages,Male,40-44,298
5e,Number of People Reached with Condom Use Messages,Male,45-49,324
5e,Number of People Reached with Condom Use Messages,Male,50-54,189
5e,Number of People Reached with Condom Use Messages,Male,55-59,107
5e,Number of People Reached with Condom Use Messages,Male,60-64,27
5e,Number of People Reached with Condom Use Messages,Male,65+,30
5e,Number of People Reached with Condom Use Messages,Female,10-14,3
5e,Number of People Reached with Condom Use Messages,Female,15-19,12
5e,Number of People Reached with Condom Use Messages,Female,20-24,71
5e,Number of People Reached with Condom Use Messages,Female,25-29,152
5e,Number of People Reached with Condom Use Messages,Female,30-34,203
5e,Number of People Reached with Condom Use Messages,Female,35-39,200
5e,Number of People Reached with Condom Use Messages,Female,40-44,171
5e,Number of People Reached with Condom Use Messages,Female,45-49,135
5e,Number of People Reached with Condom Use Messages,Female,50-54,124
5e,Number of People Reached with Condom Use Messages,Female,55-59,80
5e,Number of People Reached with Condom Use Messages,Female,60-64,16
5e,Number of People Reached with Condom Use Messages,Female,65+,26
5f,Number of People Reached with HIV Treatment Messages,Male,10-14,3
5f,Number of People Reached with HIV Treatment Messages,Male,15-19,47
5f,Number of People Reached with HIV Treatment Messages,Male,20-24,177
5f,Number of People Reached with HIV Treatment Messages,Male,25-29,435
5f,Number of People Reached with HIV Treatment Messages,Male,30-34,400
5f,Number of People Reached with HIV Treatment Messages,Male,35-39,337
5f,Number of People Reached with HIV Treatment Messages,Male,40-44,334
5f,Number of People Reached with HIV Treatment Messages,Male,45-49,390
5f,Number of People Reached with HIV Treatment Messages,Male,50-54,129
5f,Number of People Reached with HIV Treatment Messages,Male,55-59,151
5f,Number of People Reached with HIV Treatment Messages,Male,60-64,74
5f,Number of People Reached with HIV Treatment Messages,Male,65+,32
5f,Number of People Reached with HIV Treatment Messages,Female,10-14,3
5f,Number of People Reached with HIV Treatment Messages,Female,15-19,13
5f,Number of People Reached with HIV Treatment Messages,Female,20-24,66
5f,Number of People Reached with HIV Treatment Messages,Female,25-29,133
5f,Number of People Reached with HIV Treatment Messages,Female,30-34,81
5f,Number of People Reached with HIV Treatment Messages,Female,35-39,193
5f,Number of People Reached with HIV Treatment Messages,Female,40-44,169
5f,Number of People Reached with HIV Treatment Messages,Female,45-49,135
5f,Number of People Reached with HIV Treatment Messages,Female,50-54,55
5f,Number of People Reached with HIV Treatment Messages,Female,55-59,81
5f,Number of People Reached with HIV Treatment Messages,Female,60-64,29
5f,Number of People Reached with HIV Treatment Messages,Female,65+,26
5g,Number of People Reached with ARV Based Prevention Messages,Male,10-14,3
5g,Number of People Reached with ARV Based Prevention Messages,Male,15-19,47
5g,Number of People Reached with ARV Based Prevention Messages,Male,20-24,58
5g,Number of People Reached with ARV Based Prevention Messages,Male,25-29,109
5g,Number of People Reached with ARV Based Prevention Messages,Male,30-34,88
5g,Number of People Reached with ARV Based Prevention Messages,Male,35-39,95
5g,Number of People Reached with ARV Based Prevention Messages,Male,40-44,117
5g,Number of People Reached with ARV Based Prevention Messages,Male,45-49,75
5g,Number of People Reached with ARV Based Prevention Messages,Male,50-54,39
5g,Number of People Reached with ARV Based Prevention Messages,Male,55-59,32
5g,Number of People Reached with ARV Based Prevention Messages,Male,60-64,18
5g,Number of People Reached with ARV Based Prevention Messages,Male,65+,30
5g,Number of People Reached with ARV Based Prevention Messages,Female,10-14,3
5g,Number of People Reached with ARV Based Prevention Messages,Female,15-19,13
5g,Number of People Reached with ARV Based Prevention Messages,Female,20-24,46
5g,Number of People Reached with ARV Based Prevention Messages,Female,25-29,69
5g,Number of People Reached with ARV Based Prevention Messages,Female,30-34,58
5g,Number of People Reached with ARV Based Prevention Messages,Female,35-39,102
5g,Number of People Reached with ARV Based Prevention Messages,Female,40-44,54
5g,Number of People Reached with ARV Based Prevention Messages,Female,45-49,37
5g,Number of People Reached with ARV Based Prevention Messages,Female,50-54,37
5g,Number of People Reached with ARV Based Prevention Messages,Female,55-59,29
5g,Number of People Reached with ARV Based Prevention Messages,Female,60-64,16
5g,Number of People Reached with ARV Based Prevention Messages,Female,65+,26
5h,Number of People Reached with EMTCT Messages,Male,10-14,3
5h,Number of People Reached with EMTCT Messages,Male,15-19,19
5h,Number of People Reached with EMTCT Messages,Male,20-24,39
5h,Number of People Reached with EMTCT Messages,Male,25-29,68
5h,Number of People Reached with EMTCT Messages,Male,30-34,57
5h,Number of People Reached with EMTCT Messages,Male,35-39,59
5h,Number of People Reached with EMTCT Messages,Male,40-44,63
5h,Number of People Reached with EMTCT Messages,Male,45-49,45
5h,Number of People Reached with EMTCT Messages,Male,50-54,22
5h,Number of People Reached with EMTCT Messages,Male,55-59,15
5h,Number of People Reached with EMTCT Messages,Male,60-64,9
5h,Number of People Reached with EMTCT Messages,Male,65+,16
5h,Number of People Reached with EMTCT Messages,Female,10-14,0
5h,Number of People Reached with EMTCT Messages,Female,15-19,3
5h,Number of People Reached with EMTCT Messages,Female,20-24,27
5h,Number of People Reached with EMTCT Messages,Female,25-29,48
5h,Number of People Reached with EMTCT Messages,Female,30-34,40
5h,Number of People Reached with EMTCT Messages,Female,35-39,56
5h,Number of People Reached with EMTCT Messages,Female,40-44,26
5h,Number of People Reached with EMTCT Messages,Female,45-49,15
5h,Number of People Reached with EMTCT Messages,Female,50-54,13
5h,Number of People Reached with EMTCT Messages,Female,55-59,7
5h,Number of People Reached with EMTCT Messages,Female,60-64,0
5h,Number of People Reached with EMTCT Messages,Female,65+,7
5i,Total Number of People Reached with HIV Messages,Male,10-14,3
5i,Total Number of People Reached with HIV Messages,Male,15-19,163
5i,Total Number of People Reached with HIV Messages,Male,20-24,623
5i,Total Number of People Reached with HIV Messages,Male,25-29,641
5i,Total Number of People Reached with HIV Messages,Male,30-34,735
5i,Total Number of People Reached with HIV Messages,Male,35-39,735
5i,Total Number of People Reached with HIV Messages,Male,40-44,719
5i,Total Number of People Reached with HIV Messages,Male,45-49,736
5i,Total Number of People Reached with HIV Messages,Male,50-54,631
5i,Total Number of People Reached with HIV Messages,Male,55-59,233
5i,Total Number of People Reached with HIV Messages,Male,60-64,207
5i,Total Number of People Reached with HIV Messages,Male,65+,66
5i,Total Number of People Reached with HIV Messages,Female,10-14,3
5i,Total Number of People Reached with HIV Messages,Female,15-19,15
5i,Total Number of People Reached with HIV Messages,Female,20-24,162
5i,Total Number of People Reached with HIV Messages,Female,25-29,194
5i,Total Number of People Reached with HIV Messages,Female,30-34,161
5i,Total Number of People Reached with HIV Messages,Female,35-39,430
5i,Total Number of People Reached with HIV Messages,Female,40-44,269
5i,Total Number of People Reached with HIV Messages,Female,45-49,335
5i,Total Number of People Reached with HIV Messages,Female,50-54,363
5i,Total Number of People Reached with HIV Messages,Female,55-59,143
5i,Total Number of People Reached with HIV Messages,Female,60-64,156
5i,Total Number of People Reached with HIV Messages,Female,65+,39
6,Number of people reached with stigma reduction messages.,Male,10-14,360
6,Number of people reached with stigma reduction messages.,Male,15-19,381
6,Number of people reached with stigma reduction messages.,Male,20-24,615
6,Number of people reached with stigma reduction messages.,Male,25-29,756
6,Number of people reached with stigma reduction messages.,Male,30-34,831
6,Number of people reached with stigma reduction messages.,Male,35-39,855
6,Number of people reached with stigma reduction messages.,Male,40-44,845
6,Number of people reached with stigma reduction messages.,Male,45-49,402
6,Number of people reached with stigma reduction messages.,Male,50-54,487
6,Number of people reached with stigma reduction messages.,Male,55-59,541
6,Number of people reached with stigma reduction messages.,Male,60-64,100
6,Number of people reached with stigma reduction messages.,Male,65+,88
6,Number of people reached with stigma reduction messages.,Female,10-14,171
6,Number of people reached with stigma reduction messages.,Female,15-19,232
6,Number of people reached with stigma reduction messages.,Female,20-24,318
6,Number of people reached with stigma reduction messages.,Female,25-29,333
6,Number of people reached with stigma reduction messages.,Female,30-34,342
6,Number of people reached with stigma reduction messages.,Female,35-39,397
6,Number of people reached with stigma reduction messages.,Female,40-44,304
6,Number of people reached with stigma reduction messages.,Female,45-49,258
6,Number of people reached with stigma reduction messages.,Female,50-54,344
6,Number of people reached with stigma reduction messages.,Female,55-59,238
6,Number of people reached with stigma reduction messages.,Female,60-64,92
6,Number of people reached with stigma reduction messages.,Female,65+,47
7,Number  of people referred for HIV testing.,Male,10-14,0
7,Number  of people referred for HIV testing.,Male,15-19,0
7,Number  of people referred for HIV testing.,Male,20-24,23
7,Number  of people referred for HIV testing.,Male,25-29,34
7,Number  of people referred for HIV testing.,Male,30-34,39
7,Number  of people referred for HIV testing.,Male,35-39,53
7,Number  of people referred for HIV testing.,Male,40-44,23
7,Number  of people referred for HIV testing.,Male,45-49,30
7,Number  of people referred for HIV testing.,Male,50-54,12
7,Number  of people referred for HIV testing.,Male,55-59,9
7,Number  of people referred for HIV testing.,Male,60-64,0
7,Number  of people referred for HIV testing.,Male,65+,0
7,Number  of people referred for HIV testing.,Female,10-14,0
7,Number  of people referred for HIV testing.,Female,15-19,0
7,Number  of people referred for HIV testing.,Female,20-24,16
7,Number  of people referred for HIV testing.,Female,25-29,2
7,Number  of people referred for HIV testing.,Female,30-34,2
7,Number  of people referred for HIV testing.,Female,35-39,15
7,Number  of people referred for HIV testing.,Female,40-44,11
7,Number  of people referred for HIV testing.,Female,45-49,12
7,Number  of people referred for HIV testing.,Female,50-54,7
7,Number  of people referred for HIV testing.,Female,55-59,4
7,Number  of people referred for HIV testing.,Female,60-64,0
7,Number  of people referred for HIV testing.,Female,65+,0
8,Number of people tested for HIV.,Male,10-14,0
8,Number of people tested for HIV.,Male,15-19,81
8,Number of people tested for HIV.,Male,20-24,156
8,Number of people tested for HIV.,Male,25-29,232
8,Number of people tested for HIV.,Male,30-34,242
8,Number of people tested for HIV.,Male,35-39,191
8,Number of people tested for HIV.,Male,40-44,170
8,Number of people tested for HIV.,Male,45-49,92
8,Number of people tested for HIV.,Male,50-54,51
8,Number of people tested for HIV.,Male,55-59,25
8,Number of people tested for HIV.,Male,60-64,18
8,Number of people tested for HIV.,Male,65+,24
8,Number of people tested for HIV.,Female,10-14,1
8,Number of people tested for HIV.,Female,15-19,21
8,Number of people tested for HIV.,Female,20-24,65
8,Number of people tested for HIV.,Female,25-29,134
8,Number of people tested for HIV.,Female,30-34,101
8,Number of people tested for HIV.,Female,35-39,81
8,Number of people tested for HIV.,Female,40-44,51
8,Number of people tested for HIV.,Female,45-49,26
8,Number of people tested for HIV.,Female,50-54,15
8,Number of people tested for HIV.,Female,55-59,6
8,Number of people tested for HIV.,Female,60-64,14
8,Number of people tested for HIV.,Female,65+,6
9,Number  of people who tested positive for HIV.,Male,10-14,0
9,Number  of people who tested positive for HIV.,Male,15-19,0
9,Number  of people who tested positive for HIV.,Male,20-24,1
9,Number  of people who tested positive for HIV.,Male,25-29,1
9,Number  of people who tested positive for HIV.,Male,30-34,1
9,Number  of people who tested positive for HIV.,Male,35-39,1
9,Number  of people who tested positive for HIV.,Male,40-44,4
9,Number  of people who tested positive for HIV.,Male,45-49,0
9,Number  of people who tested positive for HIV.,Male,50-54,0
9,Number  of people who tested positive for HIV.,Male,55-59,0
9,Number  of people who tested positive for HIV.,Male,60-64,0
9,Number  of people who tested positive for HIV.,Male,65+,2
9,Number  of people who tested positive for HIV.,Female,10-14,0
9,Number  of people who tested positive for HIV.,Female,15-19,0
9,Number  of people who tested positive for HIV.,Female,20-24,0
9,Number  of people who tested positive for HIV.,Female,25-29,5
9,Number  of people who tested positive for HIV.,Female,30-34,0
9,Number  of people who tested positive for HIV.,Female,35-39,3
9,Number  of people who tested positive for HIV.,Female,40-44,0
9,Number  of people who tested positive for HIV.,Female,45-49,0
9,Number  of people who tested positive for HIV.,Female,50-54,0
9,Number  of people who tested positive for HIV.,Female,55-59,0
9,Number  of people who tested positive for HIV.,Female,60-64,0
9,Number  of people who tested positive for HIV.,Female,65+,1
10,Number of people linked to care.,Male,10-14,0
10,Number of people linked to care.,Male,15-19,0
10,Number of people linked to care.,Male,20-24,1
10,Number of people linked to care.,Male,25-29,0
10,Number of people linked to care.,Male,30-34,1
10,Number of people linked to care.,Male,35-39,1
10,Number of people linked to care.,Male,40-44,3
10,Number of people linked to care.,Male,45-49,0
10,Number of people linked to care.,Male,50-54,0
10,Number of people linked to care.,Male,55-59,0
10,Number of people linked to care.,Male,60-64,0
10,Number of people linked to care.,Male,65+,0
10,Number of people linked to care.,Female,10-14,0
10,Number of people linked to care.,Female,15-19,0
10,Number of people linked to care.,Female,20-24,0
10,Number of people linked to care.,Female,25-29,4
10,Number of people linked to care.,Female,30-34,0
10,Number of people linked to care.,Female,35-39,2
10,Number of people linked to care.,Female,40-44,0
10,Number of people linked to care.,Female,45-49,0
10,Number of people linked to care.,Female,50-54,0
10,Number of people linked to care.,Female,55-59,0
10,Number of people linked to care.,Female,60-64,0
10,Number of people linked to care.,Female,65+,0
11,Number of people initiated on ART,Male,10-14,0
11,Number of people initiated on ART,Male,15-19,0
11,Number of people initiated on ART,Male,20-24,1
11,Number of people initiated on ART,Male,25-29,0
11,Number of people initiated on ART,Male,30-34,1
11,Number of people initiated on ART,Male,35-39,2
11,Number of people initiated on ART,Male,40-44,3
11,Number of people initiated on ART,Male,45-49,0
11,Number of people initiated on ART,Male,50-54,0
11,Number of people initiated on ART,Male,55-59,0
11,Number of people initiated on ART,Male,60-64,0
11,Number of people initiated on ART,Male,65+,0
11,Number of people initiated on ART,Female,10-14,0
11,Number of people initiated on ART,Female,15-19,0
11,Number of people initiated on ART,Female,20-24,0
11,Number of people initiated on ART,Female,25-29,4
11,Number of people initiated on ART,Female,30-34,0
11,Number of people initiated on ART,Female,35-39,1
11,Number of people initiated on ART,Female,40-44,0
11,Number of people initiated on ART,Female,45-49,0
11,Number of people initiated on ART,Female,50-54,0
11,Number of people initiated on ART,Female,55-59,0
11,Number of people initiated on ART,Female,60-64,0
11,Number of people initiated on ART,Female,65+,0
12,Number of people who were assessed for PrEP eligibility,Male,10-14,0
12,Number of people who were assessed for PrEP eligibility,Male,15-19,27
12,Number of people who were assessed for PrEP eligibility,Male,20-24,81
12,Number of people who were assessed for PrEP eligibility,Male,25-29,122
12,Number of people who were assessed for PrEP eligibility,Male,30-34,143
12,Number of people who were assessed for PrEP eligibility,Male,35-39,136
12,Number of people who were assessed for PrEP eligibility,Male,40-44,112
12,Number of people who were assessed for PrEP eligibility,Male,45-49,54
12,Number of people who were assessed for PrEP eligibility,Male,50-54,28
12,Number of people who were assessed for PrEP eligibility,Male,55-59,9
12,Number of people who were assessed for PrEP eligibility,Male,60-64,10
12,Number of people who were assessed for PrEP eligibility,Male,65+,12
12,Number of people who were assessed for PrEP eligibility,Female,10-14,0
12,Number of people who were assessed for PrEP eligibility,Female,15-19,10
12,Number of people who were assessed for PrEP eligibility,Female,20-24,47
12,Number of people who were assessed for PrEP eligibility,Female,25-29,73
12,Number of people who were assessed for PrEP eligibility,Female,30-34,65
12,Number of people who were assessed for PrEP eligibility,Female,35-39,60
12,Number of people who were assessed for PrEP eligibility,Female,40-44,30
12,Number of people who were assessed for PrEP eligibility,Female,45-49,18
12,Number of people who were assessed for PrEP eligibility,Female,50-54,13
12,Number of people who were assessed for PrEP eligibility,Female,55-59,2
12,Number of people who were assessed for PrEP eligibility,Female,60-64,1
12,Number of people who were assessed for PrEP eligibility,Female,65+,2
13,Number of people referred for PrEP.,Male,10-14,0
13,Number of people referred for PrEP.,Male,15-19,1
13,Number of people referred for PrEP.,Male,20-24,6
13,Number of people referred for PrEP.,Male,25-29,6
13,Number of people referred for PrEP.,Male,30-34,4
13,Number of people referred for PrEP.,Male,35-39,6
13,Number of people referred for PrEP.,Male,40-44,2
13,Number of people referred for PrEP.,Male,45-49,2
13,Number of people referred for PrEP.,Male,50-54,0
13,Number of people referred for PrEP.,Male,55-59,0
13,Number of people referred for PrEP.,Male,60-64,0
13,Number of people referred for PrEP.,Male,65+,2
13,Number of people referred for PrEP.,Female,10-14,0
13,Number of people referred for PrEP.,Female,15-19,1
13,Number of people referred for PrEP.,Female,20-24,4
13,Number of people referred for PrEP.,Female,25-29,1
13,Number of people referred for PrEP.,Female,30-34,4
13,Number of people referred for PrEP.,Female,35-39,4
13,Number of people referred for PrEP.,Female,40-44,1
13,Number of people referred for PrEP.,Female,45-49,1
13,Number of people referred for PrEP.,Female,50-54,0
13,Number of people referred for PrEP.,Female,55-59,0
13,Number of people referred for PrEP.,Female,60-64,1
13,Number of people referred for PrEP.,Female,65+,0
14,Number of people who were assessed for PEP eligibility,Male,10-14,0
14,Number of people who were assessed for PEP eligibility,Male,15-19,20
14,Number of people who were assessed for PEP eligibility,Male,20-24,66
14,Number of people who were assessed for PEP eligibility,Male,25-29,98
14,Number of people who were assessed for PEP eligibility,Male,30-34,119
14,Number of people who were assessed for PEP eligibility,Male,35-39,116
14,Number of people who were assessed for PEP eligibility,Male,40-44,91
14,Number of people who were assessed for PEP eligibility,Male,45-49,44
14,Number of people who were assessed for PEP eligibility,Male,50-54,22
14,Number of people who were assessed for PEP eligibility,Male,55-59,9
14,Number of people who were assessed for PEP eligibility,Male,60-64,8
14,Number of people who were assessed for PEP eligibility,Male,65+,12
14,Number of people who were assessed for PEP eligibility,Female,10-14,0
14,Number of people who were assessed for PEP eligibility,Female,15-19,7
14,Number of people who were assessed for PEP eligibility,Female,20-24,43
14,Number of people who were assessed for PEP eligibility,Female,25-29,55
14,Number of people who were assessed for PEP eligibility,Female,30-34,55
14,Number of people who were assessed for PEP eligibility,Female,35-39,48
14,Number of people who were assessed for PEP eligibility,Female,40-44,23
14,Number of people who were assessed for PEP eligibility,Female,45-49,15
14,Number of people who were assessed for PEP eligibility,Female,50-54,11
14,Number of people who were assessed for PEP eligibility,Female,55-59,2
14,Number of people who were assessed for PEP eligibility,Female,60-64,0
14,Number of people who were assessed for PEP eligibility,Female,65+,1
15,Number of people referred for PEP.,Male,10-14,0
15,Number of people referred for PEP.,Male,15-19,0
15,Number of people referred for PEP.,Male,20-24,1
15,Number of people referred for PEP.,Male,25-29,0
15,Number of people referred for PEP.,Male,30-34,1
15,Number of people referred for PEP.,Male,35-39,2
15,Number of people referred for PEP.,Male,40-44,1
15,Number of people referred for PEP.,Male,45-49,0
15,Number of people referred for PEP.,Male,50-54,0
15,Number of people referred for PEP.,Male,55-59,0
15,Number of people referred for PEP.,Male,60-64,0
15,Number of people referred for PEP.,Male,65+,0
15,Number of people referred for PEP.,Female,10-14,0
15,Number of people referred for PEP.,Female,15-19,1
15,Number of people referred for PEP.,Female,20-24,1
15,Number of people referred for PEP.,Female,25-29,0
15,Number of people referred for PEP.,Female,30-34,0
15,Number of people referred for PEP.,Female,35-39,1
15,Number of people referred for PEP.,Female,40-44,0
15,Number of people referred for PEP.,Female,45-49,0
15,Number of people referred for PEP.,Female,50-54,0
15,Number of people referred for PEP.,Female,55-59,0
15,Number of people referred for PEP.,Female,60-64,0
15,Number of people referred for PEP.,Female,65+,0
16,Number of people elligible for legal aid services.,Male,10-14,0
16,Number of people elligible for legal aid services.,Male,15-19,0
16,Number of people elligible for legal aid services.,Male,20-24,0
16,Number of people elligible for legal aid services.,Male,25-29,1
16,Number of people elligible for legal aid services.,Male,30-34,1
16,Number of people elligible for legal aid services.,Male,35-39,1
16,Number of people elligible for legal aid services.,Male,40-44,0
16,Number of people elligible for legal aid services.,Male,45-49,0
16,Number of people elligible for legal aid services.,Male,50-54,0
16,Number of people elligible for legal aid services.,Male,55-59,0
16,Number of people elligible for legal aid services.,Male,60-64,0
16,Number of people elligible for legal aid services.,Male,65+,0
16,Number of people elligible for legal aid services.,Female,10-14,0
16,Number of people elligible for legal aid services.,Female,15-19,0
16,Number of people elligible for legal aid services.,Female,20-24,0
16,Number of people elligible for legal aid services.,Female,25-29,1
16,Number of people elligible for legal aid services.,Female,30-34,0
16,Number of people elligible for legal aid services.,Female,35-39,0
16,Number of people elligible for legal aid services.,Female,40-44,0
16,Number of people elligible for legal aid services.,Female,45-49,0
16,Number of people elligible for legal aid services.,Female,50-54,0
16,Number of people elligible for legal aid services.,Female,55-59,0
16,Number of people elligible for legal aid services.,Female,60-64,0
16,Number of people elligible for legal aid services.,Female,65+,0
17,Number of people provided with legal aid services.,Male,10-14,0
17,Number of people provided with legal aid services.,Male,15-19,0
17,Number of people provided with legal aid services.,Male,20-24,0
17,Number of people provided with legal aid services.,Male,25-29,0
17,Number of people provided with legal aid services.,Male,30-34,0
17,Number of people provided with legal aid services.,Male,35-39,0
17,Number of people provided with legal aid services.,Male,40-44,0
17,Number of people provided with legal aid services.,Male,45-49,0
17,Number of people provided with legal aid services.,Male,50-54,0
17,Number of people provided with legal aid services.,Male,55-59,0
17,Number of people provided with legal aid services.,Male,60-64,0
17,Number of people provided with legal aid services.,Male,65+,0
17,Number of people provided with legal aid services.,Female,10-14,0
17,Number of people provided with legal aid services.,Female,15-19,0
17,Number of people provided with legal aid services.,Female,20-24,0
17,Number of people provided with legal aid services.,Female,25-29,0
17,Number of people provided with legal aid services.,Female,30-34,0
17,Number of people provided with legal aid services.,Female,35-39,0
17,Number of people provided with legal aid services.,Female,40-44,0
17,Number of people provided with legal aid services.,Female,45-49,0
17,Number of people provided with legal aid services.,Female,50-54,0
17,Number of people provided with legal aid services.,Female,55-59,0
17,Number of people provided with legal aid services.,Female,60-64,0
17,Number of people provided with legal aid services.,Female,65+,0
18,Number of people elligible for justice services.,Male,10-14,0
18,Number of people elligible for justice services.,Male,15-19,0
18,Number of people elligible for justice services.,Male,20-24,0
18,Number of people elligible for justice services.,Male,25-29,1
18,Number of people elligible for justice services.,Male,30-34,1
18,Number of people elligible for justice services.,Male,35-39,1
18,Number of people elligible for justice services.,Male,40-44,0
18,Number of people elligible for justice services.,Male,45-49,0
18,Number of people elligible for justice services.,Male,50-54,0
18,Number of people elligible for justice services.,Male,55-59,0
18,Number of people elligible for justice services.,Male,60-64,0
18,Number of people elligible for justice services.,Male,65+,0
18,Number of people elligible for justice services.,Female,10-14,0
18,Number of people elligible for justice services.,Female,15-19,0
18,Number of people elligible for justice services.,Female,20-24,0
18,Number of people elligible for justice services.,Female,25-29,1
18,Number of people elligible for justice services.,Female,30-34,0
18,Number of people elligible for justice services.,Female,35-39,0
18,Number of people elligible for justice services.,Female,40-44,0
18,Number of people elligible for justice services.,Female,45-49,0
18,Number of people elligible for justice services.,Female,50-54,0
18,Number of people elligible for justice services.,Female,55-59,0
18,Number of people elligible for justice services.,Female,60-64,0
18,Number of people elligible for justice services.,Female,65+,0
19,Number of people linked to justice services.,Male,10-14,0
19,Number of people linked to justice services.,Male,15-19,0
19,Number of people linked to justice services.,Male,20-24,0
19,Number of people linked to justice services.,Male,25-29,0
19,Number of people linked to justice services.,Male,30-34,0
19,Number of people linked to justice services.,Male,35-39,0
19,Number of people linked to justice services.,Male,40-44,0
19,Number of people linked to justice services.,Male,45-49,0
19,Number of people linked to justice services.,Male,50-54,0
19,Number of people linked to justice services.,Male,55-59,0
19,Number of people linked to justice services.,Male,60-64,0
19,Number of people linked to justice services.,Male,65+,0
19,Number of people linked to justice services.,Female,10-14,0
19,Number of people linked to justice services.,Female,15-19,0
19,Number of people linked to justice services.,Female,20-24,0
19,Number of people linked to justice services.,Female,25-29,0
19,Number of people linked to justice services.,Female,30-34,0
19,Number of people linked to justice services.,Female,35-39,0
19,Number of people linked to justice services.,Female,40-44,0
19,Number of people linked to justice services.,Female,45-49,0
19,Number of people linked to justice services.,Female,50-54,0
19,Number of people linked to justice services.,Female,55-59,0
19,Number of people linked to justice services.,Female,60-64,0
19,Number of people linked to justice services.,Female,65+,0
20,Number of individuals eligible for GBV screening,Male,10-14,1
20,Number of individuals eligible for GBV screening,Male,15-19,56
20,Number of individuals eligible for GBV screening,Male,20-24,151
20,Number of individuals eligible for GBV screening,Male,25-29,200
20,Number of individuals eligible for GBV screening,Male,30-34,228
20,Number of individuals eligible for GBV screening,Male,35-39,176
20,Number of individuals eligible for GBV screening,Male,40-44,154
20,Number of individuals eligible for GBV screening,Male,45-49,83
20,Number of individuals eligible for GBV screening,Male,50-54,46
20,Number of individuals eligible for GBV screening,Male,55-59,21
20,Number of individuals eligible for GBV screening,Male,60-64,15
20,Number of individuals eligible for GBV screening,Male,65+,19
20,Number of individuals eligible for GBV screening,Female,10-14,1
20,Number of individuals eligible for GBV screening,Female,15-19,20
20,Number of individuals eligible for GBV screening,Female,20-24,62
20,Number of individuals eligible for GBV screening,Female,25-29,126
20,Number of individuals eligible for GBV screening,Female,30-34,95
20,Number of individuals eligible for GBV screening,Female,35-39,75
20,Number of individuals eligible for GBV screening,Female,40-44,45
20,Number of individuals eligible for GBV screening,Female,45-49,24
20,Number of individuals eligible for GBV screening,Female,50-54,16
20,Number of individuals eligible for GBV screening,Female,55-59,5
20,Number of individuals eligible for GBV screening,Female,60-64,9
20,Number of individuals eligible for GBV screening,Female,65+,4
21,Number of individuals screened for GBV.,Male,10-14,1
21,Number of individuals screened for GBV.,Male,15-19,52
21,Number of individuals screened for GBV.,Male,20-24,133
21,Number of individuals screened for GBV.,Male,25-29,181
21,Number of individuals screened for GBV.,Male,30-34,213
21,Number of individuals screened for GBV.,Male,35-39,168
21,Number of individuals screened for GBV.,Male,40-44,152
21,Number of individuals screened for GBV.,Male,45-49,78
21,Number of individuals screened for GBV.,Male,50-54,45
21,Number of individuals screened for GBV.,Male,55-59,20
21,Number of individuals screened for GBV.,Male,60-64,14
21,Number of individuals screened for GBV.,Male,65+,16
21,Number of individuals screened for GBV.,Female,10-14,1
21,Number of individuals screened for GBV.,Female,15-19,16
21,Number of individuals screened for GBV.,Female,20-24,60
21,Number of individuals screened for GBV.,Female,25-29,127
21,Number of individuals screened for GBV.,Female,30-34,107
21,Number of individuals screened for GBV.,Female,35-39,76
21,Number of individuals screened for GBV.,Female,40-44,49
21,Number of individuals screened for GBV.,Female,45-49,28
21,Number of individuals screened for GBV.,Female,50-54,20
21,Number of individuals screened for GBV.,Female,55-59,5
21,Number of individuals screened for GBV.,Female,60-64,7
21,Number of individuals screened for GBV.,Female,65+,3
22,Number eligible for GBV services.,Male,10-14,0
22,Number eligible for GBV services.,Male,15-19,2
22,Number eligible for GBV services.,Male,20-24,8
22,Number eligible for GBV services.,Male,25-29,4
22,Number eligible for GBV services.,Male,30-34,8
22,Number eligible for GBV services.,Male,35-39,11
22,Number eligible for GBV services.,Male,40-44,6
22,Number eligible for GBV services.,Male,45-49,3
22,Number eligible for GBV services.,Male,50-54,2
22,Number eligible for GBV services.,Male,55-59,0
22,Number eligible for GBV services.,Male,60-64,0
22,Number eligible for GBV services.,Male,65+,2
22,Number eligible for GBV services.,Female,10-14,0
22,Number eligible for GBV services.,Female,15-19,0
22,Number eligible for GBV services.,Female,20-24,9
22,Number eligible for GBV services.,Female,25-29,3
22,Number eligible for GBV services.,Female,30-34,3
22,Number eligible for GBV services.,Female,35-39,2
22,Number eligible for GBV services.,Female,40-44,9
22,Number eligible for GBV services.,Female,45-49,0
22,Number eligible for GBV services.,Female,50-54,0
22,Number eligible for GBV services.,Female,55-59,0
22,Number eligible for GBV services.,Female,60-64,0
22,Number eligible for GBV services.,Female,65+,0
23,Number of people elligible for clinical services for GBV.,Male,10-14,0
23,Number of people elligible for clinical services for GBV.,Male,15-19,0
23,Number of people elligible for clinical services for GBV.,Male,20-24,0
23,Number of people elligible for clinical services for GBV.,Male,25-29,0
23,Number of people elligible for clinical services for GBV.,Male,30-34,0
23,Number of people elligible for clinical services for GBV.,Male,35-39,0
23,Number of people elligible for clinical services for GBV.,Male,40-44,0
23,Number of people elligible for clinical services for GBV.,Male,45-49,0
23,Number of people elligible for clinical services for GBV.,Male,50-54,0
23,Number of people elligible for clinical services for GBV.,Male,55-59,0
23,Number of people elligible for clinical services for GBV.,Male,60-64,0
23,Number of people elligible for clinical services for GBV.,Male,65+,0
23,Number of people elligible for clinical services for GBV.,Female,10-14,0
23,Number of people elligible for clinical services for GBV.,Female,15-19,0
23,Number of people elligible for clinical services for GBV.,Female,20-24,0
23,Number of people elligible for clinical services for GBV.,Female,25-29,0
23,Number of people elligible for clinical services for GBV.,Female,30-34,0
23,Number of people elligible for clinical services for GBV.,Female,35-39,0
23,Number of people elligible for clinical services for GBV.,Female,40-44,0
23,Number of people elligible for clinical services for GBV.,Female,45-49,0
23,Number of people elligible for clinical services for GBV.,Female,50-54,0
23,Number of people elligible for clinical services for GBV.,Female,55-59,0
23,Number of people elligible for clinical services for GBV.,Female,60-64,0
23,Number of people elligible for clinical services for GBV.,Female,65+,0
24,Number of people reffered for clinical services for GBV.,Male,10-14,0
24,Number of people reffered for clinical services for GBV.,Male,15-19,0
24,Number of people reffered for clinical services for GBV.,Male,20-24,0
24,Number of people reffered for clinical services for GBV.,Male,25-29,0
24,Number of people reffered for clinical services for GBV.,Male,30-34,0
24,Number of people reffered for clinical services for GBV.,Male,35-39,0
24,Number of people reffered for clinical services for GBV.,Male,40-44,0
24,Number of people reffered for clinical services for GBV.,Male,45-49,0
24,Number of people reffered for clinical services for GBV.,Male,50-54,0
24,Number of people reffered for clinical services for GBV.,Male,55-59,0
24,Number of people reffered for clinical services for GBV.,Male,60-64,0
24,Number of people reffered for clinical services for GBV.,Male,65+,0
24,Number of people reffered for clinical services for GBV.,Female,10-14,0
24,Number of people reffered for clinical services for GBV.,Female,15-19,0
24,Number of people reffered for clinical services for GBV.,Female,20-24,0
24,Number of people reffered for clinical services for GBV.,Female,25-29,0
24,Number of people reffered for clinical services for GBV.,Female,30-34,0
24,Number of people reffered for clinical services for GBV.,Female,35-39,0
24,Number of people reffered for clinical services for GBV.,Female,40-44,0
24,Number of people reffered for clinical services for GBV.,Female,45-49,0
24,Number of people reffered for clinical services for GBV.,Female,50-54,0
24,Number of people reffered for clinical services for GBV.,Female,55-59,0
24,Number of people reffered for clinical services for GBV.,Female,60-64,0
24,Number of people reffered for clinical services for GBV.,Female,65+,0
25,Number of people elligible for justice services for GBV.,Male,10-14,0
25,Number of people elligible for justice services for GBV.,Male,15-19,0
25,Number of people elligible for justice services for GBV.,Male,20-24,0
25,Number of people elligible for justice services for GBV.,Male,25-29,0
25,Number of people elligible for justice services for GBV.,Male,30-34,0
25,Number of people elligible for justice services for GBV.,Male,35-39,1
25,Number of people elligible for justice services for GBV.,Male,40-44,0
25,Number of people elligible for justice services for GBV.,Male,45-49,0
25,Number of people elligible for justice services for GBV.,Male,50-54,0
25,Number of people elligible for justice services for GBV.,Male,55-59,0
25,Number of people elligible for justice services for GBV.,Male,60-64,0
25,Number of people elligible for justice services for GBV.,Male,65+,0
25,Number of people elligible for justice services for GBV.,Female,10-14,0
25,Number of people elligible for justice services for GBV.,Female,15-19,0
25,Number of people elligible for justice services for GBV.,Female,20-24,0
25,Number of people elligible for justice services for GBV.,Female,25-29,1
25,Number of people elligible for justice services for GBV.,Female,30-34,0
25,Number of people elligible for justice services for GBV.,Female,35-39,0
25,Number of people elligible for justice services for GBV.,Female,40-44,0
25,Number of people elligible for justice services for GBV.,Female,45-49,0
25,Number of people elligible for justice services for GBV.,Female,50-54,0
25,Number of people elligible for justice services for GBV.,Female,55-59,0
25,Number of people elligible for justice services for GBV.,Female,60-64,0
25,Number of people elligible for justice services for GBV.,Female,65+,0
26,Number of people reffered for justice services for GBV.,Male,10-14,0
26,Number of people reffered for justice services for GBV.,Male,15-19,0
26,Number of people reffered for justice services for GBV.,Male,20-24,0
26,Number of people reffered for justice services for GBV.,Male,25-29,0
26,Number of people reffered for justice services for GBV.,Male,30-34,0
26,Number of people reffered for justice services for GBV.,Male,35-39,2
26,Number of people reffered for justice services for GBV.,Male,40-44,0
26,Number of people reffered for justice services for GBV.,Male,45-49,0
26,Number of people reffered for justice services for GBV.,Male,50-54,0
26,Number of people reffered for justice services for GBV.,Male,55-59,0
26,Number of people reffered for justice services for GBV.,Male,60-64,0
26,Number of people reffered for justice services for GBV.,Male,65+,0
26,Number of people reffered for justice services for GBV.,Female,10-14,0
26,Number of people reffered for justice services for GBV.,Female,15-19,0
26,Number of people reffered for justice services for GBV.,Female,20-24,0
26,Number of people reffered for justice services for GBV.,Female,25-29,2
26,Number of people reffered for justice services for GBV.,Female,30-34,0
26,Number of people reffered for justice services for GBV.,Female,35-39,0
26,Number of people reffered for justice services for GBV.,Female,40-44,0
26,Number of people reffered for justice services for GBV.,Female,45-49,0
26,Number of people reffered for justice services for GBV.,Female,50-54,0
26,Number of people reffered for justice services for GBV.,Female,55-59,0
26,Number of people reffered for justice services for GBV.,Female,60-64,0
26,Number of people reffered for justice services for GBV.,Female,65+,0
27,Number of People elligible for  psychosocial support on GBV.,Male,10-14,0
27,Number of People elligible for  psychosocial support on GBV.,Male,15-19,0
27,Number of People elligible for  psychosocial support on GBV.,Male,20-24,1
27,Number of People elligible for  psychosocial support on GBV.,Male,25-29,0
27,Number of People elligible for  psychosocial support on GBV.,Male,30-34,2
27,Number of People elligible for  psychosocial support on GBV.,Male,35-39,1
27,Number of People elligible for  psychosocial support on GBV.,Male,40-44,1
27,Number of People elligible for  psychosocial support on GBV.,Male,45-49,0
27,Number of People elligible for  psychosocial support on GBV.,Male,50-54,0
27,Number of People elligible for  psychosocial support on GBV.,Male,55-59,0
27,Number of People elligible for  psychosocial support on GBV.,Male,60-64,0
27,Number of People elligible for  psychosocial support on GBV.,Male,65+,0
27,Number of People elligible for  psychosocial support on GBV.,Female,10-14,0
27,Number of People elligible for  psychosocial support on GBV.,Female,15-19,0
27,Number of People elligible for  psychosocial support on GBV.,Female,20-24,1
27,Number of People elligible for  psychosocial support on GBV.,Female,25-29,1
27,Number of People elligible for  psychosocial support on GBV.,Female,30-34,0
27,Number of People elligible for  psychosocial support on GBV.,Female,35-39,0
27,Number of People elligible for  psychosocial support on GBV.,Female,40-44,0
27,Number of People elligible for  psychosocial support on GBV.,Female,45-49,1
27,Number of People elligible for  psychosocial support on GBV.,Female,50-54,0
27,Number of People elligible for  psychosocial support on GBV.,Female,55-59,0
27,Number of People elligible for  psychosocial support on GBV.,Female,60-64,0
27,Number of People elligible for  psychosocial support on GBV.,Female,65+,0
28,Number of People who received psychosocial support on GBV,Male,10-14,0
28,Number of People who received psychosocial support on GBV,Male,15-19,0
28,Number of People who received psychosocial support on GBV,Male,20-24,0
28,Number of People who received psychosocial support on GBV,Male,25-29,0
28,Number of People who received psychosocial support on GBV,Male,30-34,1
28,Number of People who received psychosocial support on GBV,Male,35-39,1
28,Number of People who received psychosocial support on GBV,Male,40-44,1
28,Number of People who received psychosocial support on GBV,Male,45-49,0
28,Number of People who received psychosocial support on GBV,Male,50-54,0
28,Number of People who received psychosocial support on GBV,Male,55-59,0
28,Number of People who received psychosocial support on GBV,Male,60-64,0
28,Number of People who received psychosocial support on GBV,Male,65+,0
28,Number of People who received psychosocial support on GBV,Female,10-14,0
28,Number of People who received psychosocial support on GBV,Female,15-19,0
28,Number of People who received psychosocial support on GBV,Female,20-24,0
28,Number of People who received psychosocial support on GBV,Female,25-29,1
28,Number of People who received psychosocial support on GBV,Female,30-34,0
28,Number of People who received psychosocial support on GBV,Female,35-39,0
28,Number of People who received psychosocial support on GBV,Female,40-44,0
28,Number of People who received psychosocial support on GBV,Female,45-49,0
28,Number of People who received psychosocial support on GBV,Female,50-54,0
28,Number of People who received psychosocial support on GBV,Female,55-59,0
28,Number of People who received psychosocial support on GBV,Female,60-64,0
28,Number of People who received psychosocial support on GBV,Female,65+,0
29,Number of people screened for STIs,Male,10-14,0
29,Number of people screened for STIs,Male,15-19,63
29,Number of people screened for STIs,Male,20-24,145
29,Number of people screened for STIs,Male,25-29,197
29,Number of people screened for STIs,Male,30-34,221
29,Number of people screened for STIs,Male,35-39,183
29,Number of people screened for STIs,Male,40-44,151
29,Number of people screened for STIs,Male,45-49,81
29,Number of people screened for STIs,Male,50-54,45
29,Number of people screened for STIs,Male,55-59,20
29,Number of people screened for STIs,Male,60-64,13
29,Number of people screened for STIs,Male,65+,17
29,Number of people screened for STIs,Female,10-14,0
29,Number of people screened for STIs,Female,15-19,11
29,Number of people screened for STIs,Female,20-24,61
29,Number of people screened for STIs,Female,25-29,122
29,Number of people screened for STIs,Female,30-34,95
29,Number of people screened for STIs,Female,35-39,75
29,Number of people screened for STIs,Female,40-44,45
29,Number of people screened for STIs,Female,45-49,23
29,Number of people screened for STIs,Female,50-54,14
29,Number of people screened for STIs,Female,55-59,4
29,Number of people screened for STIs,Female,60-64,4
29,Number of people screened for STIs,Female,65+,3
30,Number of  people screened positive for STIs referred for services,Male,10-14,0
30,Number of  people screened positive for STIs referred for services,Male,15-19,0
30,Number of  people screened positive for STIs referred for services,Male,20-24,0
30,Number of  people screened positive for STIs referred for services,Male,25-29,0
30,Number of  people screened positive for STIs referred for services,Male,30-34,0
30,Number of  people screened positive for STIs referred for services,Male,35-39,2
30,Number of  people screened positive for STIs referred for services,Male,40-44,1
30,Number of  people screened positive for STIs referred for services,Male,45-49,1
30,Number of  people screened positive for STIs referred for services,Male,50-54,1
30,Number of  people screened positive for STIs referred for services,Male,55-59,0
30,Number of  people screened positive for STIs referred for services,Male,60-64,0
30,Number of  people screened positive for STIs referred for services,Male,65+,0
30,Number of  people screened positive for STIs referred for services,Female,10-14,0
30,Number of  people screened positive for STIs referred for services,Female,15-19,0
30,Number of  people screened positive for STIs referred for services,Female,20-24,0
30,Number of  people screened positive for STIs referred for services,Female,25-29,0
30,Number of  people screened positive for STIs referred for services,Female,30-34,0
30,Number of  people screened positive for STIs referred for services,Female,35-39,0
30,Number of  people screened positive for STIs referred for services,Female,40-44,0
30,Number of  people screened positive for STIs referred for services,Female,45-49,0
30,Number of  people screened positive for STIs referred for services,Female,50-54,0
30,Number of  people screened positive for STIs referred for services,Female,55-59,0
30,Number of  people screened positive for STIs referred for services,Female,60-64,0
30,Number of  people screened positive for STIs referred for services,Female,65+,0
31,Number of  STI cases linked to care,Male,10-14,0
31,Number of  STI cases linked to care,Male,15-19,0
31,Number of  STI cases linked to care,Male,20-24,0
31,Number of  STI cases linked to care,Male,25-29,0
31,Number of  STI cases linked to care,Male,30-34,0
31,Number of  STI cases linked to care,Male,35-39,1
31,Number of  STI cases linked to care,Male,40-44,1
31,Number of  STI cases linked to care,Male,45-49,0
31,Number of  STI cases linked to care,Male,50-54,1
31,Number of  STI cases linked to care,Male,55-59,0
31,Number of  STI cases linked to care,Male,60-64,0
31,Number of  STI cases linked to care,Male,65+,0
31,Number of  STI cases linked to care,Female,10-14,0
31,Number of  STI cases linked to care,Female,15-19,0
31,Number of  STI cases linked to care,Female,20-24,0
31,Number of  STI cases linked to care,Female,25-29,0
31,Number of  STI cases linked to care,Female,30-34,0
31,Number of  STI cases linked to care,Female,35-39,0
31,Number of  STI cases linked to care,Female,40-44,0
31,Number of  STI cases linked to care,Female,45-49,0
31,Number of  STI cases linked to care,Female,50-54,0
31,Number of  STI cases linked to care,Female,55-59,0
31,Number of  STI cases linked to care,Female,60-64,0
31,Number of  STI cases linked to care,Female,65+,0
32,Number of  STI cases referrals completed,Male,10-14,0
32,Number of  STI cases referrals completed,Male,15-19,0
32,Number of  STI cases referrals completed,Male,20-24,0
32,Number of  STI cases referrals completed,Male,25-29,0
32,Number of  STI cases referrals completed,Male,30-34,0
32,Number of  STI cases referrals completed,Male,35-39,1
32,Number of  STI cases referrals completed,Male,40-44,0
32,Number of  STI cases referrals completed,Male,45-49,0
32,Number of  STI cases referrals completed,Male,50-54,1
32,Number of  STI cases referrals completed,Male,55-59,0
32,Number of  STI cases referrals completed,Male,60-64,0
32,Number of  STI cases referrals completed,Male,65+,0
32,Number of  STI cases referrals completed,Female,10-14,0
32,Number of  STI cases referrals completed,Female,15-19,0
32,Number of  STI cases referrals completed,Female,20-24,0
32,Number of  STI cases referrals completed,Female,25-29,0
32,Number of  STI cases referrals completed,Female,30-34,0
32,Number of  STI cases referrals completed,Female,35-39,0
32,Number of  STI cases referrals completed,Female,40-44,0
32,Number of  STI cases referrals completed,Female,45-49,0
32,Number of  STI cases referrals completed,Female,50-54,0
32,Number of  STI cases referrals completed,Female,55-59,0
32,Number of  STI cases referrals completed,Female,60-64,0
32,Number of  STI cases referrals completed,Female,65+,0
33,Number of condoms distributed,Male,10-14,0
33,Number of condoms distributed,Male,15-19,128
33,Number of condoms distributed,Male,20-24,388
33,Number of condoms distributed,Male,25-29,399
33,Number of condoms distributed,Male,30-34,459
33,Number of condoms distributed,Male,35-39,434
33,Number of condoms distributed,Male,40-44,442
33,Number of condoms distributed,Male,45-49,325
33,Number of condoms distributed,Male,50-54,152
33,Number of condoms distributed,Male,55-59,23
33,Number of condoms distributed,Male,60-64,10
33,Number of condoms distributed,Male,65+,20
33,Number of condoms distributed,Female,10-14,0
33,Number of condoms distributed,Female,15-19,0
33,Number of condoms distributed,Female,20-24,264
33,Number of condoms distributed,Female,25-29,303
33,Number of condoms distributed,Female,30-34,242
33,Number of condoms distributed,Female,35-39,76
33,Number of condoms distributed,Female,40-44,166
33,Number of condoms distributed,Female,45-49,97
33,Number of condoms distributed,Female,50-54,172
33,Number of condoms distributed,Female,55-59,51
33,Number of condoms distributed,Female,60-64,0
33,Number of condoms distributed,Female,65+,0
34,Number of people who reported collecting condoms for a repeated time.,Male,10-14,0
34,Number of people who reported collecting condoms for a repeated time.,Male,15-19,0
34,Number of people who reported collecting condoms for a repeated time.,Male,20-24,0
34,Number of people who reported collecting condoms for a repeated time.,Male,25-29,14
34,Number of people who reported collecting condoms for a repeated time.,Male,30-34,15
34,Number of people who reported collecting condoms for a repeated time.,Male,35-39,3
34,Number of people who reported collecting condoms for a repeated time.,Male,40-44,5
34,Number of people who reported collecting condoms for a repeated time.,Male,45-49,208
34,Number of people who reported collecting condoms for a repeated time.,Male,50-54,0
34,Number of people who reported collecting condoms for a repeated time.,Male,55-59,0
34,Number of people who reported collecting condoms for a repeated time.,Male,60-64,0
34,Number of people who reported collecting condoms for a repeated time.,Male,65+,0
34,Number of people who reported collecting condoms for a repeated time.,Female,10-14,0
34,Number of people who reported collecting condoms for a repeated time.,Female,15-19,0
34,Number of people who reported collecting condoms for a repeated time.,Female,20-24,0
34,Number of people who reported collecting condoms for a repeated time.,Female,25-29,12
34,Number of people who reported collecting condoms for a repeated time.,Female,30-34,10
34,Number of people who reported collecting condoms for a repeated time.,Female,35-39,1
34,Number of people who reported collecting condoms for a repeated time.,Female,40-44,1
34,Number of people who reported collecting condoms for a repeated time.,Female,45-49,76
34,Number of people who reported collecting condoms for a repeated time.,Female,50-54,0
34,Number of people who reported collecting condoms for a repeated time.,Female,55-59,0
34,Number of people who reported collecting condoms for a repeated time.,Female,60-64,0
34,Number of people who reported collecting condoms for a repeated time.,Female,65+,0
35,Total number of lubricants distributed,Male,10-14,0
35,Total number of lubricants distributed,Male,15-19,0
35,Total number of lubricants distributed,Male,20-24,24
35,Total number of lubricants distributed,Male,25-29,51
35,Total number of lubricants distributed,Male,30-34,57
35,Total number of lubricants distributed,Male,35-39,81
35,Total number of lubricants distributed,Male,40-44,86
35,Total number of lubricants distributed,Male,45-49,46
35,Total number of lubricants distributed,Male,50-54,63
35,Total number of lubricants distributed,Male,55-59,10
35,Total number of lubricants distributed,Male,60-64,0
35,Total number of lubricants distributed,Male,65+,0
35,Total number of lubricants distributed,Female,10-14,0
35,Total number of lubricants distributed,Female,15-19,0
35,Total number of lubricants distributed,Female,20-24,8
35,Total number of lubricants distributed,Female,25-29,0
35,Total number of lubricants distributed,Female,30-34,4
35,Total number of lubricants distributed,Female,35-39,7
35,Total number of lubricants distributed,Female,40-44,64
35,Total number of lubricants distributed,Female,45-49,39
35,Total number of lubricants distributed,Female,50-54,9
35,Total number of lubricants distributed,Female,55-59,0
35,Total number of lubricants distributed,Female,60-64,0
35,Total number of lubricants distributed,Female,65+,0
36,Number of people sensitised on basic human rights and HIV.,Male,10-14,2
36,Number of people sensitised on basic human rights and HIV.,Male,15-19,185
36,Number of people sensitised on basic human rights and HIV.,Male,20-24,478
36,Number of people sensitised on basic human rights and HIV.,Male,25-29,562
36,Number of people sensitised on basic human rights and HIV.,Male,30-34,492
36,Number of people sensitised on basic human rights and HIV.,Male,35-39,670
36,Number of people sensitised on basic human rights and HIV.,Male,40-44,233
36,Number of people sensitised on basic human rights and HIV.,Male,45-49,306
36,Number of people sensitised on basic human rights and HIV.,Male,50-54,77
36,Number of people sensitised on basic human rights and HIV.,Male,55-59,50
36,Number of people sensitised on basic human rights and HIV.,Male,60-64,24
36,Number of people sensitised on basic human rights and HIV.,Male,65+,24
36,Number of people sensitised on basic human rights and HIV.,Female,10-14,1
36,Number of people sensitised on basic human rights and HIV.,Female,15-19,124
36,Number of people sensitised on basic human rights and HIV.,Female,20-24,145
36,Number of people sensitised on basic human rights and HIV.,Female,25-29,216
36,Number of people sensitised on basic human rights and HIV.,Female,30-34,171
36,Number of people sensitised on basic human rights and HIV.,Female,35-39,219
36,Number of people sensitised on basic human rights and HIV.,Female,40-44,106
36,Number of people sensitised on basic human rights and HIV.,Female,45-49,101
36,Number of people sensitised on basic human rights and HIV.,Female,50-54,31
36,Number of people sensitised on basic human rights and HIV.,Female,55-59,8
36,Number of people sensitised on basic human rights and HIV.,Female,60-64,25
36,Number of people sensitised on basic human rights and HIV.,Female,65+,9
37,Number of healthcare workers trained on medical ethics and human rights.,Male,10-14,0
37,Number of healthcare workers trained on medical ethics and human rights.,Male,15-19,0
37,Number of healthcare workers trained on medical ethics and human rights.,Male,20-24,0
37,Number of healthcare workers trained on medical ethics and human rights.,Male,25-29,0
37,Number of healthcare workers trained on medical ethics and human rights.,Male,30-34,0
37,Number of healthcare workers trained on medical ethics and human rights.,Male,35-39,0
37,Number of healthcare workers trained on medical ethics and human rights.,Male,40-44,0
37,Number of healthcare workers trained on medical ethics and human rights.,Male,45-49,0
37,Number of healthcare workers trained on medical ethics and human rights.,Male,50-54,0
37,Number of healthcare workers trained on medical ethics and human rights.,Male,55-59,0
37,Number of healthcare workers trained on medical ethics and human rights.,Male,60-64,0
37,Number of healthcare workers trained on medical ethics and human rights.,Male,65+,0
37,Number of healthcare workers trained on medical ethics and human rights.,Female,10-14,0
37,Number of healthcare workers trained on medical ethics and human rights.,Female,15-19,0
37,Number of healthcare workers trained on medical ethics and human rights.,Female,20-24,0
37,Number of healthcare workers trained on medical ethics and human rights.,Female,25-29,0
37,Number of healthcare workers trained on medical ethics and human rights.,Female,30-34,0
37,Number of healthcare workers trained on medical ethics and human rights.,Female,35-39,0
37,Number of healthcare workers trained on medical ethics and human rights.,Female,40-44,0
37,Number of healthcare workers trained on medical ethics and human rights.,Female,45-49,0
37,Number of healthcare workers trained on medical ethics and human rights.,Female,50-54,0
37,Number of healthcare workers trained on medical ethics and human rights.,Female,55-59,0
37,Number of healthcare workers trained on medical ethics and human rights.,Female,60-64,0
37,Number of healthcare workers trained on medical ethics and human rights.,Female,65+,0
38a,Number of people who report that their rights were violated.,Male,10-14,0
38a,Number of people who report that their rights were violated.,Male,15-19,0
38a,Number of people who report that their rights were violated.,Male,20-24,1
38a,Number of people who report that their rights were violated.,Male,25-29,0
38a,Number of people who report that their rights were violated.,Male,30-34,0
38a,Number of people who report that their rights were violated.,Male,35-39,0
38a,Number of people who report that their rights were violated.,Male,40-44,0
38a,Number of people who report that their rights were violated.,Male,45-49,0
38a,Number of people who report that their rights were violated.,Male,50-54,0
38a,Number of people who report that their rights were violated.,Male,55-59,0
38a,Number of people who report that their rights were violated.,Male,60-64,0
38a,Number of people who report that their rights were violated.,Male,65+,0
38a,Number of people who report that their rights were violated.,Female,10-14,0
38a,Number of people who report that their rights were violated.,Female,15-19,0
38a,Number of people who report that their rights were violated.,Female,20-24,0
38a,Number of people who report that their rights were violated.,Female,25-29,1
38a,Number of people who report that their rights were violated.,Female,30-34,0
38a,Number of people who report that their rights were violated.,Female,35-39,0
38a,Number of people who report that their rights were violated.,Female,40-44,0
38a,Number of people who report that their rights were violated.,Female,45-49,1
38a,Number of people who report that their rights were violated.,Female,50-54,0
38a,Number of people who report that their rights were violated.,Female,55-59,0
38a,Number of people who report that their rights were violated.,Female,60-64,0
38a,Number of people who report that their rights were violated.,Female,65+,0
38b,Number of people who report that their rights were violated and who sought redress.,Male,10-14,0
38b,Number of people who report that their rights were violated and who sought redress.,Male,15-19,0
38b,Number of people who report that their rights were violated and who sought redress.,Male,20-24,0
38b,Number of people who report that their rights were violated and who sought redress.,Male,25-29,0
38b,Number of people who report that their rights were violated and who sought redress.,Male,30-34,0
38b,Number of people who report that their rights were violated and who sought redress.,Male,35-39,0
38b,Number of people who report that their rights were violated and who sought redress.,Male,40-44,0
38b,Number of people who report that their rights were violated and who sought redress.,Male,45-49,0
38b,Number of people who report that their rights were violated and who sought redress.,Male,50-54,0
38b,Number of people who report that their rights were violated and who sought redress.,Male,55-59,0
38b,Number of people who report that their rights were violated and who sought redress.,Male,60-64,0
38b,Number of people who report that their rights were violated and who sought redress.,Male,65+,0
38b,Number of people who report that their rights were violated and who sought redress.,Female,10-14,0
38b,Number of people who report that their rights were violated and who sought redress.,Female,15-19,0
38b,Number of people who report that their rights were violated and who sought redress.,Female,20-24,0
38b,Number of people who report that their rights were violated and who sought redress.,Female,25-29,1
38b,Number of people who report that their rights were violated and who sought redress.,Female,30-34,0
38b,Number of people who report that their rights were violated and who sought redress.,Female,35-39,0
38b,Number of people who report that their rights were violated and who sought redress.,Female,40-44,0
38b,Number of people who report that their rights were violated and who sought redress.,Female,45-49,0
38b,Number of people who report that their rights were violated and who sought redress.,Female,50-54,0
38b,Number of people who report that their rights were violated and who sought redress.,Female,55-59,0
38b,Number of people who report that their rights were violated and who sought redress.,Female,60-64,0
38b,Number of people who report that their rights were violated and who sought redress.,Female,65+,0
39,"Number of community leaders sensitised on human rights, stigma and descrimination.",Male,10-14,0
39,"Number of community leaders sensitised on human rights, stigma and descrimination.",Male,15-19,1
39,"Number of community leaders sensitised on human rights, stigma and descrimination.",Male,20-24,1
39,"Number of community leaders sensitised on human rights, stigma and descrimination.",Male,25-29,5
39,"Number of community leaders sensitised on human rights, stigma and descrimination.",Male,30-34,8
39,"Number of community leaders sensitised on human rights, stigma and descrimination.",Male,35-39,9
39,"Number of community leaders sensitised on human rights, stigma and descrimination.",Male,40-44,5
39,"Number of community leaders sensitised on human rights, stigma and descrimination.",Male,45-49,10
39,"Number of community leaders sensitised on human rights, stigma and descrimination.",Male,50-54,6
39,"Number of community leaders sensitised on human rights, stigma and descrimination.",Male,55-59,0
39,"Number of community leaders sensitised on human rights, stigma and descrimination.",Male,60-64,0
39,"Number of community leaders sensitised on human rights, stigma and descrimination.",Male,65+,0
39,"Number of community leaders sensitised on human rights, stigma and descrimination.",Female,10-14,0
39,"Number of community leaders sensitised on human rights, stigma and descrimination.",Female,15-19,0
39,"Number of community leaders sensitised on human rights, stigma and descrimination.",Female,20-24,0
39,"Number of community leaders sensitised on human rights, stigma and descrimination.",Female,25-29,0
39,"Number of community leaders sensitised on human rights, stigma and descrimination.",Female,30-34,2
39,"Number of community leaders sensitised on human rights, stigma and descrimination.",Female,35-39,1
39,"Number of community leaders sensitised on human rights, stigma and descrimination.",Female,40-44,0
39,"Number of community leaders sensitised on human rights, stigma and descrimination.",Female,45-49,3
39,"Number of community leaders sensitised on human rights, stigma and descrimination.",Female,50-54,0
39,"Number of community leaders sensitised on human rights, stigma and descrimination.",Female,55-59,3
39,"Number of community leaders sensitised on human rights, stigma and descrimination.",Female,60-64,4
39,"Number of community leaders sensitised on human rights, stigma and descrimination.",Female,65+,0
